N,Weights,Values,Capacity,Optimal_Value,Optimal_Selection
5,"[2335, 9181, 1378, 4829, 7380]","[67151, 51906, 1463, 32973, 75694]",12551,144308.0,"[1.0, 0.0, 1.0, 0.0, 1.0]"
5,"[5267, 4158, 4624, 5938, 6417]","[88924, 75417, 72139, 35980, 23504]",13202,164341.0,"[1.0, 1.0, 0.0, 0.0, 0.0]"
5,"[6818, 1382, 3256, 2412, 7146]","[34139, 9802, 74843, 41205, 99750]",10507,174593.0,"[0.0, 0.0, 1.0, 0.0, 1.0]"
5,"[2391, 2340, 3939, 6969, 5813]","[71990, 92717, 16386, 38425, 44254]",10726,208961.0,"[1.0, 1.0, 0.0, 0.0, 1.0]"
5,"[8943, 4662, 5482, 5797, 6068]","[88527, 76452, 11143, 92391, 16581]",15476,180918.0,"[1.0, 0.0, 0.0, 1.0, 0.0]"
5,"[2907, 7924, 9737, 5174, 8265]","[43065, 93661, 35758, 6596, 17374]",17003,143322.0,"[1.0, 1.0, 0.0, 1.0, 0.0]"
5,"[4998, 4775, 5645, 3061, 5487]","[15645, 32105, 14668, 16960, 12357]",11983,49065.0,"[0.0, 1.0, 0.0, 1.0, 0.0]"
5,"[5435, 3644, 2045, 8951, 7449]","[20065, 10130, 90360, 63287, 52702]",13762,153647.0,"[0.0, 0.0, 1.0, 1.0, 0.0]"
5,"[5225, 1596, 7054, 2505, 7468]","[90156, 29307, 68087, 48922, 64080]",11924,168385.0,"[1.0, 1.0, 0.0, 1.0, 0.0]"
5,"[7852, 2449, 6953, 9456, 9042]","[41277, 32551, 90813, 57597, 46212]",17876,164641.0,"[1.0, 1.0, 1.0, 0.0, 0.0]"
5,"[3925, 8104, 7240, 1512, 1215]","[12523, 76900, 69689, 24834, 35474]",10998,137208.0,"[0.0, 1.0, 0.0, 1.0, 1.0]"
5,"[2567, 2128, 4510, 8867, 3365]","[6583, 5897, 72537, 5567, 75807]",10718,154927.0,"[1.0, 0.0, 1.0, 0.0, 1.0]"
5,"[3741, 4020, 7256, 1228, 9362]","[83214, 38052, 58769, 47032, 89721]",12803,189015.0,"[1.0, 0.0, 1.0, 1.0, 0.0]"
5,"[1918, 1498, 3809, 5961, 4779]","[43818, 72927, 66681, 80465, 90862]",8982,207607.0,"[1.0, 1.0, 0.0, 0.0, 1.0]"
5,"[5565, 1192, 6187, 7637, 9243]","[32601, 68946, 68356, 53116, 63894]",14912,169903.0,"[1.0, 1.0, 1.0, 0.0, 0.0]"
5,"[2867, 8465, 8602, 4199, 7103]","[63874, 78733, 30511, 81960, 49821]",15618,224567.0,"[1.0, 1.0, 0.0, 1.0, 0.0]"
5,"[1240, 4440, 5631, 9274, 6077]","[33574, 42910, 74531, 26186, 95781]",13331,203886.0,"[1.0, 0.0, 1.0, 0.0, 1.0]"
5,"[7429, 4605, 3173, 7568, 3601]","[85577, 7080, 14854, 68695, 28025]",13188,113602.0,"[1.0, 0.0, 0.0, 0.0, 1.0]"
5,"[4830, 9313, 5368, 2317, 5493]","[28094, 47040, 67766, 84053, 24991]",13660,179913.0,"[1.0, 0.0, 1.0, 1.0, 0.0]"
5,"[2301, 2910, 9082, 9107, 8970]","[94297, 19300, 65384, 96027, 61892]",16185,209624.0,"[1.0, 1.0, 0.0, 1.0, 0.0]"
5,"[3757, 7464, 1178, 7362, 9683]","[33634, 1060, 10269, 64143, 24065]",14722,108046.0,"[1.0, 0.0, 1.0, 1.0, 0.0]"
5,"[3895, 1585, 6823, 1534, 4462]","[5011, 20782, 68691, 40725, 10196]",9149,109416.0,"[0.0, 0.0, 1.0, 1.0, 0.0]"
5,"[6325, 9518, 5703, 3706, 1001]","[25700, 81356, 77427, 6269, 44880]",13126,148007.0,"[1.0, 0.0, 1.0, 0.0, 1.0]"
5,"[9320, 1437, 5846, 4129, 9081]","[83821, 15380, 77896, 71934, 56830]",14906,171135.0,"[1.0, 1.0, 0.0, 1.0, 0.0]"
5,"[6529, 7604, 4918, 2067, 1026]","[7937, 40886, 50699, 77396, 91678]",11072,219773.0,"[0.0, 0.0, 1.0, 1.0, 1.0]"
5,"[9895, 6338, 4140, 8996, 2590]","[80737, 41544, 9997, 86711, 41860]",15979,138568.0,"[0.0, 0.0, 1.0, 1.0, 1.0]"
5,"[4225, 3460, 9737, 3728, 7726]","[77290, 57633, 27655, 44601, 4114]",14438,179524.0,"[1.0, 1.0, 0.0, 1.0, 0.0]"
5,"[1616, 4644, 7413, 2203, 3565]","[4174, 36398, 36929, 5321, 96971]",9720,133369.0,"[0.0, 1.0, 0.0, 0.0, 1.0]"
5,"[7269, 8099, 8376, 5078, 6801]","[15130, 15271, 17075, 19984, 89095]",17811,109079.0,"[0.0, 0.0, 0.0, 1.0, 1.0]"
5,"[1666, 1283, 6840, 4565, 5593]","[51617, 58473, 87654, 89177, 73902]",9973,199267.0,"[1.0, 1.0, 0.0, 1.0, 0.0]"
5,"[4672, 8382, 7587, 1992, 7858]","[68657, 28160, 46156, 52375, 87442]",15245,208474.0,"[1.0, 0.0, 0.0, 1.0, 1.0]"
5,"[4188, 4237, 5136, 1343, 5704]","[32376, 5823, 71456, 20585, 18272]",10304,103832.0,"[1.0, 0.0, 1.0, 0.0, 0.0]"
5,"[8127, 4720, 3883, 5212, 7961]","[52567, 92229, 62607, 20385, 84658]",14951,176887.0,"[0.0, 1.0, 0.0, 0.0, 1.0]"
5,"[2364, 3708, 1924, 1151, 9777]","[58196, 80401, 1495, 45755, 68684]",9462,185847.0,"[1.0, 1.0, 1.0, 1.0, 0.0]"
5,"[1556, 2552, 3120, 4085, 4504]","[33924, 75462, 97387, 24889, 55675]",7908,206773.0,"[1.0, 1.0, 1.0, 0.0, 0.0]"
5,"[8543, 9055, 5654, 7250, 8246]","[99458, 41718, 83916, 27870, 38394]",19374,183374.0,"[1.0, 0.0, 1.0, 0.0, 0.0]"
5,"[3905, 1153, 8853, 7481, 6599]","[19100, 64456, 12049, 1786, 70904]",13995,154460.0,"[1.0, 1.0, 0.0, 0.0, 1.0]"
5,"[9096, 5272, 4767, 9834, 6994]","[24600, 95774, 91777, 20810, 86703]",17981,274254.0,"[0.0, 1.0, 1.0, 0.0, 1.0]"
5,"[6427, 8011, 9052, 4701, 3349]","[40779, 57207, 95615, 34980, 57117]",15770,152732.0,"[0.0, 0.0, 1.0, 0.0, 1.0]"
5,"[7704, 8433, 3511, 1143, 8367]","[4228, 5582, 79683, 12397, 39799]",14579,131879.0,"[0.0, 0.0, 1.0, 1.0, 1.0]"
5,"[5243, 3713, 5185, 8328, 5633]","[53344, 83643, 69546, 72091, 66603]",14051,155734.0,"[0.0, 1.0, 0.0, 1.0, 0.0]"
5,"[3506, 2537, 1397, 6680, 5825]","[88968, 16116, 21045, 27327, 36709]",9972,126129.0,"[1.0, 1.0, 1.0, 0.0, 0.0]"
5,"[8067, 6091, 2601, 2480, 7230]","[59446, 53428, 48894, 82149, 7447]",13234,190489.0,"[1.0, 0.0, 1.0, 1.0, 0.0]"
5,"[6499, 7273, 2299, 6818, 7701]","[5994, 96414, 82163, 8489, 92647]",15295,189061.0,"[0.0, 1.0, 0.0, 0.0, 1.0]"
5,"[9269, 3831, 3721, 2532, 9429]","[88173, 2996, 45387, 4089, 99827]",14391,145214.0,"[0.0, 0.0, 1.0, 0.0, 1.0]"
5,"[5275, 6365, 4122, 9167, 6190]","[71111, 35565, 90242, 23884, 18199]",15559,161353.0,"[1.0, 0.0, 1.0, 0.0, 0.0]"
5,"[9634, 7666, 1142, 2410, 1534]","[92828, 37132, 37110, 59754, 64580]",11193,161444.0,"[0.0, 0.0, 1.0, 1.0, 1.0]"
5,"[7085, 5500, 2172, 5517, 9007]","[35409, 20324, 9738, 25054, 30709]",14640,60463.0,"[1.0, 0.0, 0.0, 1.0, 0.0]"
5,"[4723, 1363, 4309, 1545, 4240]","[73201, 46689, 2936, 92074, 44965]",8090,211964.0,"[1.0, 1.0, 0.0, 1.0, 0.0]"
5,"[1882, 4840, 7923, 5611, 6204]","[29885, 41056, 4203, 61241, 3244]",13230,132182.0,"[1.0, 1.0, 0.0, 1.0, 0.0]"
5,"[1018, 1641, 4083, 6200, 9521]","[51017, 34541, 30063, 71268, 65952]",11231,156826.0,"[1.0, 1.0, 0.0, 1.0, 0.0]"
5,"[7795, 7984, 3567, 2674, 1739]","[68081, 30140, 10327, 71663, 24331]",11879,139744.0,"[1.0, 0.0, 0.0, 1.0, 0.0]"
5,"[7620, 5555, 6645, 9943, 8124]","[10045, 21116, 19667, 76057, 75205]",18943,151262.0,"[0.0, 0.0, 0.0, 1.0, 1.0]"
5,"[7998, 6413, 2269, 8868, 3603]","[39729, 16734, 43429, 42337, 41325]",14575,124483.0,"[1.0, 0.0, 1.0, 0.0, 1.0]"
5,"[2680, 9433, 6682, 9084, 6367]","[17453, 86844, 39968, 31077, 35775]",17123,126812.0,"[0.0, 1.0, 1.0, 0.0, 0.0]"
5,"[9992, 9119, 3779, 5920, 1755]","[40263, 56087, 43281, 52482, 55857]",15282,155225.0,"[0.0, 1.0, 1.0, 0.0, 1.0]"
5,"[9301, 2016, 8347, 9216, 5938]","[20222, 42139, 42302, 95684, 88838]",17409,226661.0,"[0.0, 1.0, 0.0, 1.0, 1.0]"
5,"[3623, 9646, 7401, 8072, 3276]","[24777, 58939, 54026, 87450, 30553]",16009,142780.0,"[1.0, 0.0, 0.0, 1.0, 1.0]"
5,"[8164, 5497, 8933, 3135, 7727]","[51717, 33427, 17692, 32625, 25918]",16728,91970.0,"[0.0, 1.0, 0.0, 1.0, 1.0]"
5,"[9627, 9368, 1138, 1193, 4257]","[16577, 86155, 82731, 28689, 12154]",12791,197575.0,"[0.0, 1.0, 1.0, 1.0, 0.0]"
5,"[7353, 5957, 4381, 6839, 3880]","[87807, 34313, 47900, 79840, 35695]",14205,167647.0,"[1.0, 0.0, 0.0, 1.0, 0.0]"
5,"[5152, 1004, 6533, 6378, 7233]","[69199, 61282, 48801, 10465, 4326]",13150,179282.0,"[1.0, 1.0, 1.0, 0.0, 0.0]"
5,"[4659, 2131, 5763, 7737, 6092]","[72558, 46337, 53311, 14515, 72695]",13191,191590.0,"[1.0, 1.0, 0.0, 0.0, 1.0]"
5,"[8318, 9445, 6307, 9520, 4044]","[76148, 6636, 78129, 3892, 22672]",18817,176949.0,"[1.0, 0.0, 1.0, 0.0, 1.0]"
5,"[6812, 1654, 6481, 1759, 7782]","[68334, 30087, 12618, 9446, 88182]",12244,127715.0,"[0.0, 1.0, 0.0, 1.0, 1.0]"
5,"[4823, 2876, 7154, 8787, 5516]","[88892, 89559, 40148, 83928, 21698]",14578,200149.0,"[1.0, 1.0, 0.0, 0.0, 1.0]"
5,"[3508, 5758, 3682, 8311, 1989]","[79012, 71247, 73015, 32390, 57116]",11624,209143.0,"[1.0, 0.0, 1.0, 0.0, 1.0]"
5,"[9075, 5452, 9447, 2007, 7496]","[27331, 11763, 70444, 94109, 20187]",16738,164553.0,"[0.0, 0.0, 1.0, 1.0, 0.0]"
5,"[5379, 1098, 9388, 1877, 2868]","[97870, 85585, 84308, 52567, 58913]",10305,242368.0,"[1.0, 1.0, 0.0, 0.0, 1.0]"
5,"[3637, 8242, 9613, 3883, 2204]","[83464, 29742, 12831, 86092, 91879]",13789,261435.0,"[1.0, 0.0, 0.0, 1.0, 1.0]"
5,"[7450, 7520, 1654, 7821, 3446]","[56044, 74948, 70202, 38045, 87322]",13945,232472.0,"[0.0, 1.0, 1.0, 0.0, 1.0]"
5,"[3569, 6515, 4985, 9167, 8448]","[20403, 4681, 92555, 94122, 43292]",16342,186677.0,"[0.0, 0.0, 1.0, 1.0, 0.0]"
5,"[5753, 8082, 5002, 6629, 9417]","[35765, 75499, 57574, 91545, 28675]",17441,184884.0,"[1.0, 0.0, 1.0, 1.0, 0.0]"
5,"[4407, 7731, 8795, 3793, 8334]","[69447, 58104, 85335, 81730, 5951]",16530,209281.0,"[1.0, 1.0, 0.0, 1.0, 0.0]"
5,"[9098, 6289, 9102, 8257, 6565]","[23821, 26494, 75160, 1835, 19646]",19655,101654.0,"[0.0, 1.0, 1.0, 0.0, 0.0]"
5,"[5567, 4815, 1246, 3429, 6287]","[69143, 92186, 98889, 78527, 87704]",10672,269602.0,"[0.0, 1.0, 1.0, 1.0, 0.0]"
5,"[7617, 4151, 6580, 8054, 8706]","[41387, 16823, 47015, 16339, 4491]",17554,88402.0,"[1.0, 0.0, 1.0, 0.0, 0.0]"
5,"[1706, 7997, 6233, 9945, 6755]","[26163, 18718, 88508, 84767, 40619]",16318,173275.0,"[0.0, 0.0, 1.0, 1.0, 0.0]"
5,"[8211, 8865, 4317, 7811, 1164]","[60342, 16504, 69593, 27660, 38196]",15184,168131.0,"[1.0, 0.0, 1.0, 0.0, 1.0]"
5,"[1402, 9605, 9236, 7349, 5157]","[28043, 34635, 80315, 81691, 34132]",16374,143866.0,"[1.0, 0.0, 0.0, 1.0, 1.0]"
5,"[8467, 7571, 1579, 8674, 9737]","[80553, 40236, 5150, 20423, 5137]",18014,125939.0,"[1.0, 1.0, 1.0, 0.0, 0.0]"
5,"[1452, 7537, 2381, 9154, 2467]","[79975, 20122, 24956, 64879, 59560]",11495,164491.0,"[1.0, 0.0, 1.0, 0.0, 1.0]"
5,"[7747, 1880, 4149, 9276, 8892]","[87064, 2168, 46124, 36897, 16032]",15972,135356.0,"[1.0, 1.0, 1.0, 0.0, 0.0]"
5,"[4645, 3526, 4516, 4367, 8338]","[31270, 11386, 65817, 66184, 80693]",12696,143387.0,"[0.0, 1.0, 1.0, 1.0, 0.0]"
5,"[6111, 7752, 1445, 7364, 4626]","[86936, 82515, 78065, 56390, 17645]",13649,182646.0,"[1.0, 0.0, 1.0, 0.0, 1.0]"
5,"[5992, 5025, 9283, 5222, 5175]","[97055, 75710, 4443, 22395, 11725]",15348,172765.0,"[1.0, 1.0, 0.0, 0.0, 0.0]"
5,"[1693, 9347, 2812, 6724, 2407]","[74568, 59560, 48340, 18794, 20881]",11491,143789.0,"[1.0, 0.0, 1.0, 0.0, 1.0]"
5,"[5372, 8394, 1551, 5332, 1997]","[15390, 88475, 28307, 97364, 95049]",11323,220720.0,"[0.0, 0.0, 1.0, 1.0, 1.0]"
5,"[5052, 6303, 9118, 7102, 6490]","[58716, 98228, 82494, 83768, 11748]",17032,181996.0,"[0.0, 1.0, 0.0, 1.0, 0.0]"
5,"[7354, 9695, 9070, 9894, 4625]","[97297, 83234, 16123, 26616, 12182]",20319,180531.0,"[1.0, 1.0, 0.0, 0.0, 0.0]"
5,"[9449, 1574, 6585, 6492, 9949]","[52962, 91054, 72206, 25099, 13716]",17024,188359.0,"[0.0, 1.0, 1.0, 1.0, 0.0]"
5,"[4459, 7117, 4992, 8837, 1203]","[48299, 20159, 52012, 60305, 88096]",13304,188407.0,"[1.0, 0.0, 1.0, 0.0, 1.0]"
5,"[1722, 9971, 9720, 5893, 1343]","[94898, 94794, 88318, 22120, 20790]",14324,210482.0,"[1.0, 1.0, 0.0, 0.0, 1.0]"
5,"[1919, 6819, 3044, 1418, 2749]","[61186, 51251, 66171, 37160, 20156]",7974,164517.0,"[1.0, 0.0, 1.0, 1.0, 0.0]"
5,"[7784, 2545, 2070, 7522, 2850]","[63559, 55205, 69475, 65341, 96377]",11385,221057.0,"[0.0, 1.0, 1.0, 0.0, 1.0]"
5,"[8194, 6851, 7673, 1678, 1988]","[30777, 27183, 28445, 68038, 88201]",13192,187016.0,"[1.0, 0.0, 0.0, 1.0, 1.0]"
5,"[6027, 2425, 7654, 3440, 7856]","[32213, 8367, 80026, 36362, 52588]",13701,124755.0,"[0.0, 1.0, 1.0, 1.0, 0.0]"
5,"[6517, 7310, 4539, 4483, 8371]","[85161, 7378, 85685, 77958, 28926]",15610,248804.0,"[1.0, 0.0, 1.0, 1.0, 0.0]"
5,"[5911, 1403, 4382, 5163, 8630]","[97472, 80872, 59502, 88736, 6470]",12744,267080.0,"[1.0, 1.0, 0.0, 1.0, 0.0]"
5,"[7276, 6739, 5273, 7523, 6003]","[58190, 48761, 32169, 46641, 23990]",16407,106951.0,"[1.0, 1.0, 0.0, 0.0, 0.0]"
10,"[3064, 6315, 1317, 2502, 7130, 8419, 3042, 5598, 1118, 1709]","[53709, 29716, 79137, 37018, 9061, 9609, 36371, 84021, 21805, 8857]",20107,320918.0,"[1.0, 0.0, 1.0, 1.0, 0.0, 0.0, 1.0, 1.0, 1.0, 1.0]"
10,"[9177, 7082, 7658, 3261, 9021, 1508, 3379, 9879, 5752, 6495]","[29481, 12267, 7743, 55800, 49773, 58042, 50476, 93105, 29552, 66242]",31606,353217.0,"[0.0, 0.0, 0.0, 1.0, 0.0, 1.0, 1.0, 1.0, 1.0, 1.0]"
10,"[4557, 4587, 1151, 1954, 5354, 8160, 1687, 9501, 4127, 7763]","[46528, 78095, 69931, 91925, 67381, 64749, 39672, 14731, 55512, 99658]",24420,449044.0,"[1.0, 1.0, 1.0, 1.0, 1.0, 0.0, 1.0, 0.0, 1.0, 0.0]"
10,"[2872, 3024, 3817, 4832, 9257, 3581, 3486, 9418, 3443, 9919]","[64044, 80955, 62030, 12814, 11024, 64288, 58836, 8435, 68084, 71601]",26824,411051.0,"[1.0, 1.0, 1.0, 1.0, 0.0, 1.0, 1.0, 0.0, 1.0, 0.0]"
10,"[7496, 7183, 4957, 4407, 1639, 1172, 6666, 5354, 4959, 9708]","[76645, 27505, 37713, 55387, 44169, 74282, 78511, 52742, 41522, 82132]",26770,381736.0,"[1.0, 0.0, 0.0, 1.0, 1.0, 1.0, 1.0, 1.0, 0.0, 0.0]"
10,"[5934, 5076, 6185, 2093, 4880, 7559, 3785, 7065, 7539, 2574]","[49784, 44333, 41828, 70526, 55362, 54997, 51341, 20073, 15549, 84795]",26345,361354.0,"[0.0, 1.0, 0.0, 1.0, 1.0, 1.0, 1.0, 0.0, 0.0, 1.0]"
10,"[8768, 4406, 4932, 9240, 6408, 4861, 8406, 3833, 6285, 8645]","[45786, 95686, 77425, 31286, 16994, 91198, 27639, 18205, 57677, 33930]",32892,367830.0,"[0.0, 1.0, 1.0, 0.0, 0.0, 1.0, 1.0, 1.0, 1.0, 0.0]"
10,"[8777, 2932, 4535, 6956, 4446, 3790, 3707, 8959, 4933, 4385]","[58241, 11367, 66030, 47505, 34332, 86178, 77325, 36268, 87486, 26563]",26710,377914.0,"[0.0, 0.0, 1.0, 0.0, 1.0, 1.0, 1.0, 0.0, 1.0, 1.0]"
10,"[7881, 4636, 7030, 1223, 7297, 1350, 8314, 2928, 8743, 9540]","[95389, 38500, 34785, 85146, 90126, 95979, 48997, 8170, 14303, 72743]",29471,439925.0,"[1.0, 1.0, 1.0, 1.0, 1.0, 1.0, 0.0, 0.0, 0.0, 0.0]"
10,"[3419, 7240, 2893, 6322, 8718, 7878, 2125, 4117, 5161, 5042]","[63574, 38201, 93282, 15016, 26022, 28938, 44678, 62720, 57805, 75323]",26457,397382.0,"[1.0, 0.0, 1.0, 0.0, 0.0, 0.0, 1.0, 1.0, 1.0, 1.0]"
10,"[2986, 2074, 5305, 4007, 1969, 9772, 3824, 2211, 1229, 5284]","[49542, 15345, 32819, 48779, 83421, 93244, 66584, 20950, 16173, 59032]",19330,323531.0,"[1.0, 0.0, 0.0, 1.0, 1.0, 0.0, 1.0, 0.0, 1.0, 1.0]"
10,"[1386, 1969, 6820, 4052, 8397, 3302, 3283, 5366, 1122, 7799]","[10472, 70263, 58602, 26523, 31766, 67060, 10079, 9399, 61726, 93906]",21748,351557.0,"[0.0, 1.0, 1.0, 0.0, 0.0, 1.0, 0.0, 0.0, 1.0, 1.0]"
10,"[1148, 9001, 1437, 4749, 9186, 5453, 6336, 5551, 3823, 6728]","[13916, 81703, 42445, 48636, 74927, 79194, 30685, 52134, 89916, 95455]",26706,388713.0,"[0.0, 1.0, 1.0, 0.0, 0.0, 1.0, 0.0, 0.0, 1.0, 1.0]"
10,"[3311, 8225, 1604, 9175, 6785, 5597, 8759, 8532, 9740, 1838]","[63888, 70351, 98372, 50999, 71309, 13446, 31733, 77000, 49632, 22576]",31783,403496.0,"[1.0, 1.0, 1.0, 0.0, 1.0, 0.0, 0.0, 1.0, 0.0, 1.0]"
10,"[4320, 5698, 5311, 4673, 2564, 2840, 7058, 8131, 1726, 7697]","[45678, 13963, 65360, 50434, 67617, 21269, 77312, 98352, 80732, 82494]",25009,389373.0,"[0.0, 0.0, 1.0, 0.0, 1.0, 0.0, 1.0, 1.0, 1.0, 0.0]"
10,"[7985, 1947, 5760, 1066, 9828, 9505, 1564, 4670, 3251, 1804]","[28027, 98382, 87551, 10583, 51387, 24104, 13224, 61624, 57058, 97372]",23690,425794.0,"[0.0, 1.0, 1.0, 1.0, 0.0, 0.0, 1.0, 1.0, 1.0, 1.0]"
10,"[4549, 8938, 5141, 7966, 6335, 6077, 6611, 9089, 3892, 6577]","[21002, 51711, 40451, 50103, 29647, 35831, 97498, 96119, 67830, 81632]",32587,383530.0,"[0.0, 0.0, 1.0, 0.0, 0.0, 0.0, 1.0, 1.0, 1.0, 1.0]"
10,"[5065, 9014, 2603, 2322, 6956, 3441, 2098, 6073, 9488, 4787]","[12801, 52360, 88908, 17559, 33334, 14288, 23398, 77230, 13191, 19051]",25923,273743.0,"[0.0, 1.0, 1.0, 1.0, 0.0, 1.0, 1.0, 1.0, 0.0, 0.0]"
10,"[9867, 2823, 6147, 2356, 4072, 4259, 7199, 1546, 6231, 8965]","[85003, 35808, 68288, 59959, 2849, 69178, 68136, 61740, 87322, 45565]",26732,382295.0,"[0.0, 1.0, 1.0, 1.0, 0.0, 1.0, 0.0, 1.0, 1.0, 0.0]"
10,"[4799, 1618, 2132, 6491, 6795, 8633, 2487, 8848, 6009, 3113]","[2044, 47691, 25363, 47694, 2582, 80910, 67844, 22301, 75329, 2620]",25462,319468.0,"[0.0, 1.0, 0.0, 1.0, 0.0, 1.0, 1.0, 0.0, 1.0, 0.0]"
10,"[8503, 5766, 6362, 6192, 7622, 7093, 7704, 1100, 7657, 6875]","[21655, 34005, 32629, 24610, 58184, 22602, 86945, 12110, 7073, 81818]",32437,273062.0,"[0.0, 1.0, 0.0, 0.0, 1.0, 0.0, 1.0, 1.0, 0.0, 1.0]"
10,"[2537, 1754, 8396, 8823, 6507, 5235, 1540, 6510, 9461, 8926]","[31562, 29036, 61752, 75233, 84049, 69681, 28818, 31544, 63532, 79636]",29844,322782.0,"[1.0, 1.0, 0.0, 0.0, 1.0, 1.0, 1.0, 0.0, 0.0, 1.0]"
10,"[9553, 4720, 5067, 5195, 8281, 3509, 6016, 7533, 5727, 1681]","[64644, 81206, 70468, 60473, 46809, 39328, 37784, 24723, 61646, 67255]",28641,380376.0,"[0.0, 1.0, 1.0, 1.0, 0.0, 1.0, 0.0, 0.0, 1.0, 1.0]"
10,"[1074, 5157, 9511, 3149, 7713, 5207, 8141, 9652, 4936, 2075]","[54028, 38383, 30483, 8265, 23763, 76652, 16733, 92038, 38420, 10247]",28307,309768.0,"[1.0, 1.0, 0.0, 0.0, 0.0, 1.0, 0.0, 1.0, 1.0, 1.0]"
10,"[8456, 5674, 1541, 3161, 3251, 5569, 3744, 7041, 5675, 2560]","[45722, 18548, 16078, 6419, 36490, 77086, 59760, 31337, 2468, 25309]",23336,235136.0,"[1.0, 0.0, 1.0, 0.0, 1.0, 1.0, 1.0, 0.0, 0.0, 0.0]"
10,"[1808, 9363, 7719, 6073, 9012, 2645, 9249, 2129, 2353, 1767]","[4895, 59026, 43968, 41097, 16332, 15621, 77870, 19174, 41502, 37674]",26059,237833.0,"[1.0, 0.0, 0.0, 1.0, 0.0, 1.0, 1.0, 1.0, 1.0, 1.0]"
10,"[5492, 3073, 1312, 7269, 6317, 1810, 7841, 3032, 8129, 3705]","[3147, 99919, 39445, 54803, 62108, 3013, 86617, 83410, 54502, 38755]",23990,374512.0,"[0.0, 1.0, 1.0, 0.0, 1.0, 1.0, 1.0, 1.0, 0.0, 0.0]"
10,"[9733, 5920, 3926, 8282, 5376, 5868, 7986, 7862, 5423, 7870]","[62991, 41927, 89090, 50853, 32826, 43879, 58265, 73361, 78990, 90787]",34123,390493.0,"[0.0, 0.0, 1.0, 0.0, 0.0, 0.0, 1.0, 1.0, 1.0, 1.0]"
10,"[5264, 8968, 9146, 8776, 9558, 9719, 5886, 4935, 5619, 6191]","[40643, 11100, 61356, 8856, 39169, 29804, 36790, 31988, 77448, 39506]",37031,258122.0,"[1.0, 0.0, 1.0, 0.0, 1.0, 0.0, 0.0, 0.0, 1.0, 1.0]"
10,"[6984, 2770, 9989, 4215, 7694, 3976, 4737, 1752, 2392, 7789]","[28181, 15385, 83597, 66641, 45247, 87673, 6544, 14275, 64248, 35550]",26149,331819.0,"[0.0, 1.0, 1.0, 1.0, 0.0, 1.0, 0.0, 1.0, 1.0, 0.0]"
10,"[5541, 4257, 7213, 5869, 2561, 5006, 4981, 6682, 6782, 1943]","[96335, 17984, 23760, 92529, 2524, 50402, 92656, 66614, 36891, 92009]",25417,440143.0,"[1.0, 0.0, 0.0, 1.0, 0.0, 0.0, 1.0, 1.0, 0.0, 1.0]"
10,"[8064, 9417, 2209, 6153, 5898, 3178, 8610, 9895, 3544, 6522]","[68906, 20665, 71246, 66864, 47451, 87148, 46890, 7794, 33888, 7749]",31745,375503.0,"[1.0, 0.0, 1.0, 1.0, 1.0, 1.0, 0.0, 0.0, 1.0, 0.0]"
10,"[1964, 5224, 4675, 6694, 3076, 7865, 6643, 9524, 6249, 2316]","[33463, 32663, 69706, 59773, 34123, 95346, 10718, 63637, 1028, 63370]",27115,355781.0,"[1.0, 0.0, 1.0, 1.0, 1.0, 1.0, 0.0, 0.0, 0.0, 1.0]"
10,"[2013, 3024, 9490, 6839, 6791, 1754, 9961, 4735, 2238, 2906]","[41167, 8961, 27140, 59701, 78567, 81664, 82199, 82218, 81729, 29561]",24875,425046.0,"[1.0, 0.0, 0.0, 1.0, 1.0, 1.0, 0.0, 1.0, 1.0, 0.0]"
10,"[2416, 8766, 2428, 5378, 8529, 5474, 4071, 1555, 9547, 2563]","[45460, 67576, 69222, 13666, 63119, 36321, 2779, 14186, 17459, 87246]",25363,332623.0,"[1.0, 1.0, 1.0, 0.0, 1.0, 0.0, 0.0, 0.0, 0.0, 1.0]"
10,"[6835, 6057, 3349, 3773, 3262, 4229, 1392, 2108, 5362, 6188]","[30680, 61119, 75400, 56718, 37445, 6796, 48218, 40131, 9123, 9222]",21277,319031.0,"[0.0, 1.0, 1.0, 1.0, 1.0, 0.0, 1.0, 1.0, 0.0, 0.0]"
10,"[8690, 2400, 5071, 9808, 3786, 8169, 1870, 5196, 3739, 1940]","[99644, 96251, 24806, 37901, 18043, 76761, 10752, 69993, 43616, 53127]",25334,373383.0,"[1.0, 1.0, 0.0, 0.0, 0.0, 0.0, 1.0, 1.0, 1.0, 1.0]"
10,"[1453, 9184, 6442, 1818, 5868, 1012, 8727, 1920, 5920, 3418]","[94789, 97516, 3017, 8957, 5792, 56982, 14237, 52586, 82787, 20252]",22881,393617.0,"[1.0, 1.0, 0.0, 1.0, 0.0, 1.0, 0.0, 1.0, 1.0, 0.0]"
10,"[2438, 4543, 2781, 7343, 3263, 1211, 9699, 7159, 8027, 1331]","[89780, 58196, 74705, 58894, 88640, 15591, 98247, 49893, 1727, 22359]",23897,409568.0,"[1.0, 1.0, 1.0, 0.0, 1.0, 0.0, 1.0, 0.0, 0.0, 0.0]"
10,"[4243, 1648, 6095, 7614, 8135, 2009, 2550, 9995, 8492, 4401]","[90367, 14265, 6424, 21625, 80622, 30187, 36929, 62892, 21539, 57630]",27591,310000.0,"[1.0, 1.0, 0.0, 0.0, 1.0, 1.0, 1.0, 0.0, 0.0, 1.0]"
10,"[9719, 7617, 6660, 9624, 2176, 8956, 9592, 3233, 5700, 6906]","[74396, 8526, 40500, 69049, 74366, 81317, 60117, 57096, 8910, 82383]",35091,369558.0,"[1.0, 0.0, 0.0, 0.0, 1.0, 1.0, 0.0, 1.0, 0.0, 1.0]"
10,"[6649, 2096, 2951, 8799, 9804, 1595, 8875, 5439, 6972, 1858]","[72055, 24769, 26020, 43748, 86374, 45912, 13879, 34798, 90826, 47073]",27519,342240.0,"[1.0, 0.0, 0.0, 0.0, 1.0, 1.0, 0.0, 0.0, 1.0, 1.0]"
10,"[2447, 3850, 9106, 8151, 7952, 5055, 6402, 2672, 5532, 5924]","[49037, 79082, 93115, 72621, 78926, 79816, 90654, 71400, 93385, 94102]",28545,478394.0,"[1.0, 0.0, 0.0, 0.0, 0.0, 1.0, 1.0, 1.0, 1.0, 1.0]"
10,"[9428, 4253, 4782, 7957, 1766, 3681, 8710, 8482, 6086, 8964]","[85585, 43719, 97528, 50037, 81103, 4513, 14335, 45140, 81373, 78658]",32054,424247.0,"[1.0, 0.0, 1.0, 0.0, 1.0, 0.0, 0.0, 0.0, 1.0, 1.0]"
10,"[3072, 8795, 9529, 4949, 7033, 9328, 3555, 7370, 5415, 6959]","[10107, 6993, 97341, 94650, 53066, 43942, 17138, 45527, 10190, 93259]",33002,355454.0,"[0.0, 0.0, 1.0, 1.0, 1.0, 0.0, 1.0, 0.0, 0.0, 1.0]"
10,"[6085, 7546, 1395, 1938, 3510, 5636, 2649, 4690, 4435, 4201]","[54331, 29942, 60635, 30059, 58557, 53389, 54014, 33826, 31297, 44890]",21042,302486.0,"[1.0, 0.0, 1.0, 1.0, 1.0, 0.0, 1.0, 0.0, 0.0, 1.0]"
10,"[5938, 3971, 9314, 4345, 3486, 1561, 4981, 7261, 2737, 4554]","[79218, 28499, 47157, 57247, 42034, 1294, 99072, 25596, 99185, 12434]",24074,378050.0,"[1.0, 0.0, 0.0, 1.0, 1.0, 1.0, 1.0, 0.0, 1.0, 0.0]"
10,"[6330, 5655, 2109, 4771, 9563, 7123, 8647, 2174, 2164, 9712]","[33376, 88458, 78924, 30332, 47737, 90031, 74970, 52952, 21991, 28472]",29124,407326.0,"[0.0, 1.0, 1.0, 0.0, 0.0, 1.0, 1.0, 1.0, 1.0, 0.0]"
10,"[8262, 2541, 3765, 5491, 4083, 6356, 2857, 1769, 2422, 9598]","[3972, 19256, 19653, 87669, 40339, 26757, 43399, 45013, 98605, 15706]",23572,353934.0,"[0.0, 1.0, 1.0, 1.0, 1.0, 0.0, 1.0, 1.0, 1.0, 0.0]"
10,"[6463, 8450, 9420, 4959, 2313, 8847, 2070, 4285, 9949, 4095]","[17704, 19705, 1555, 22323, 71968, 67922, 54915, 11619, 73390, 60274]",30425,328469.0,"[0.0, 0.0, 0.0, 0.0, 1.0, 1.0, 1.0, 0.0, 1.0, 1.0]"
25,"[8637, 5841, 4867, 4793, 8373, 3513, 4803, 3327, 9809, 3165, 4308, 7452, 9067, 8642, 7404, 1992, 6424, 5381, 4174, 5782, 6560, 8460, 4078, 3983, 8259]","[56206, 98469, 47950, 3523, 61926, 10677, 76828, 16089, 5581, 12907, 6609, 52153, 51539, 45143, 23936, 51182, 96042, 14163, 60758, 47057, 13537, 23419, 43578, 75991, 75599]",74547,820582.0,"[1.0, 1.0, 1.0, 0.0, 1.0, 0.0, 1.0, 1.0, 0.0, 1.0, 0.0, 0.0, 0.0, 0.0, 0.0, 1.0, 1.0, 0.0, 1.0, 1.0, 0.0, 0.0, 1.0, 1.0, 1.0]"
25,"[1834, 2724, 7598, 3413, 6993, 5498, 3105, 3568, 1209, 5911, 3220, 1233, 1792, 4110, 3166, 9526, 6193, 2214, 5419, 8314, 9475, 1212, 2658, 6024, 6917]","[6141, 14777, 39346, 55703, 95977, 48819, 29469, 4845, 24290, 31699, 45252, 99682, 4293, 58089, 17608, 67273, 17619, 79006, 88908, 82653, 15779, 52040, 95830, 57325, 22630]",56663,919184.0,"[1.0, 0.0, 0.0, 1.0, 1.0, 1.0, 1.0, 0.0, 1.0, 0.0, 1.0, 1.0, 0.0, 1.0, 0.0, 0.0, 0.0, 1.0, 1.0, 1.0, 0.0, 1.0, 1.0, 1.0, 0.0]"
25,"[8271, 1748, 4551, 7400, 7643, 9701, 2823, 7852, 8777, 5232, 7519, 2777, 2222, 8630, 2777, 8490, 5859, 9893, 9118, 3989, 9343, 2325, 6127, 9998, 3722]","[71192, 51477, 37901, 92271, 53021, 30092, 2242, 2831, 51721, 29511, 73782, 98003, 19302, 56568, 4232, 52507, 77508, 11683, 24664, 34172, 84641, 65340, 88236, 12017, 37613]",78393,906855.0,"[1.0, 1.0, 1.0, 1.0, 1.0, 0.0, 0.0, 0.0, 0.0, 0.0, 1.0, 1.0, 1.0, 1.0, 0.0, 0.0, 1.0, 0.0, 0.0, 0.0, 1.0, 1.0, 1.0, 0.0, 1.0]"
25,"[5210, 1064, 7382, 1968, 1368, 9424, 3242, 6002, 4083, 9073, 9880, 2469, 5725, 5259, 4622, 1823, 4431, 7528, 5151, 5213, 8420, 9989, 1779, 3892, 6534]","[93005, 36670, 63147, 99099, 37486, 66557, 35268, 82335, 27336, 4641, 88132, 33959, 14306, 47182, 75123, 57326, 97895, 22498, 71198, 28197, 21719, 91201, 26032, 60624, 79177]",65765,1023580.0,"[1.0, 1.0, 0.0, 1.0, 1.0, 0.0, 1.0, 1.0, 0.0, 0.0, 0.0, 1.0, 0.0, 1.0, 1.0, 1.0, 1.0, 0.0, 1.0, 0.0, 0.0, 1.0, 1.0, 1.0, 1.0]"
25,"[6494, 9536, 3711, 8595, 7273, 7284, 9817, 4994, 2678, 9414, 1743, 1462, 2568, 2736, 8903, 8002, 9856, 2356, 2014, 2054, 2764, 7009, 5458, 1667, 4370]","[39744, 58442, 86990, 4650, 46117, 92244, 53772, 4190, 49113, 9789, 33125, 99695, 18459, 36418, 48085, 19768, 50961, 82099, 28885, 88421, 62082, 7895, 51311, 90494, 68067]",66379,1031706.0,"[1.0, 1.0, 1.0, 0.0, 1.0, 1.0, 0.0, 0.0, 1.0, 0.0, 1.0, 1.0, 1.0, 1.0, 0.0, 0.0, 0.0, 1.0, 1.0, 1.0, 1.0, 0.0, 1.0, 1.0, 1.0]"
25,"[6481, 8548, 5976, 6695, 9445, 4548, 7163, 7671, 6264, 2231, 3423, 9071, 5261, 3908, 5712, 7755, 4883, 4515, 4403, 5598, 6008, 7222, 5009, 3735, 5491]","[47936, 94286, 9593, 18358, 83143, 38381, 91347, 29074, 21595, 45194, 50377, 27853, 74719, 21661, 51493, 37495, 14703, 54080, 31815, 30565, 64321, 59453, 89478, 34161, 56991]",73508,837526.0,"[1.0, 1.0, 0.0, 0.0, 1.0, 0.0, 1.0, 0.0, 0.0, 1.0, 1.0, 0.0, 1.0, 0.0, 1.0, 0.0, 0.0, 1.0, 0.0, 0.0, 1.0, 0.0, 1.0, 1.0, 1.0]"
25,"[9795, 1581, 1132, 3838, 4385, 4770, 3268, 1975, 8605, 8213, 3835, 3738, 5134, 7833, 9353, 2909, 2963, 6153, 1966, 1889, 4061, 7461, 7166, 7967, 9101]","[90299, 2067, 21607, 62597, 75554, 49521, 16187, 4985, 44052, 20563, 48322, 62245, 52514, 19608, 68262, 93118, 72327, 58225, 74994, 18221, 49506, 21968, 83606, 28937, 63435]",64545,912656.0,"[1.0, 0.0, 1.0, 1.0, 1.0, 1.0, 0.0, 0.0, 0.0, 0.0, 1.0, 1.0, 1.0, 0.0, 0.0, 1.0, 1.0, 1.0, 1.0, 1.0, 1.0, 0.0, 1.0, 0.0, 0.0]"
25,"[1356, 5647, 5418, 7642, 4391, 5357, 5879, 6319, 3739, 5784, 1877, 3870, 1292, 9728, 3686, 1233, 3374, 3272, 1966, 1889, 4863, 7154, 4400, 9226, 5542]","[84683, 69827, 36256, 77428, 39889, 52428, 38207, 51255, 92531, 6409, 43438, 96359, 8869, 57862, 88937, 26958, 77302, 20768, 97330, 27145, 76622, 27442, 82948, 26596, 76791]",57452,1070727.0,"[1.0, 1.0, 0.0, 1.0, 0.0, 1.0, 0.0, 0.0, 1.0, 0.0, 1.0, 1.0, 0.0, 0.0, 1.0, 1.0, 1.0, 0.0, 1.0, 1.0, 1.0, 0.0, 1.0, 0.0, 1.0]"
25,"[8756, 7948, 6755, 4602, 6062, 9071, 8244, 7372, 8105, 4581, 3762, 1572, 8705, 1614, 5050, 1325, 4740, 1358, 4777, 6906, 2721, 2349, 4696, 4896, 5260]","[59971, 40709, 60846, 66480, 53960, 42152, 28250, 86765, 49137, 83011, 47412, 44876, 95547, 74664, 51227, 33450, 85433, 74704, 7861, 62914, 64888, 80286, 62293, 83524, 69515]",65613,1104075.0,"[0.0, 0.0, 0.0, 1.0, 0.0, 0.0, 0.0, 1.0, 0.0, 1.0, 1.0, 1.0, 1.0, 1.0, 1.0, 1.0, 1.0, 1.0, 0.0, 0.0, 1.0, 1.0, 1.0, 1.0, 1.0]"
25,"[8140, 8065, 5916, 7800, 1597, 8320, 9705, 6622, 2877, 2699, 6780, 1716, 5086, 1665, 8846, 7611, 2079, 9419, 9340, 2069, 6263, 8951, 2363, 5508, 2755]","[67055, 55615, 97642, 11514, 48456, 8233, 2102, 67133, 47715, 86193, 7256, 65800, 95937, 42548, 73090, 79200, 43367, 90922, 71382, 27205, 26570, 31255, 22182, 40373, 44019]",71096,980989.0,"[1.0, 1.0, 1.0, 0.0, 1.0, 0.0, 0.0, 1.0, 1.0, 1.0, 0.0, 1.0, 1.0, 1.0, 0.0, 1.0, 1.0, 1.0, 0.0, 1.0, 0.0, 0.0, 1.0, 0.0, 1.0]"
25,"[3986, 1400, 3855, 4412, 1056, 9022, 2875, 5543, 5298, 4768, 6752, 5833, 2353, 5987, 7597, 5311, 3934, 1022, 2209, 9940, 1804, 9325, 5416, 9625, 6141]","[22352, 94848, 16438, 89921, 45999, 19482, 33471, 48279, 55213, 14026, 86184, 6435, 9493, 73227, 60321, 3763, 21389, 32498, 64755, 36825, 17934, 6574, 39179, 2587, 43782]",62732,807963.0,"[1.0, 1.0, 0.0, 1.0, 1.0, 0.0, 1.0, 1.0, 1.0, 0.0, 1.0, 0.0, 0.0, 1.0, 1.0, 0.0, 0.0, 1.0, 1.0, 0.0, 1.0, 0.0, 1.0, 0.0, 1.0]"
25,"[6920, 6260, 5409, 6783, 1712, 6406, 8990, 8420, 7843, 3433, 4301, 1270, 2079, 6322, 9795, 6257, 8982, 7214, 6006, 4985, 9791, 9705, 6991, 7227, 8833]","[48013, 64620, 16754, 79113, 97631, 87784, 36282, 37737, 98427, 25124, 71102, 3196, 62527, 97651, 86395, 12345, 35077, 67400, 13055, 86283, 45484, 78514, 91135, 36771, 58654]",80967,1068582.0,"[0.0, 1.0, 0.0, 1.0, 1.0, 1.0, 0.0, 0.0, 1.0, 0.0, 1.0, 0.0, 1.0, 1.0, 1.0, 0.0, 0.0, 1.0, 0.0, 1.0, 0.0, 1.0, 1.0, 0.0, 0.0]"
25,"[2231, 8959, 3711, 7581, 8705, 1421, 1946, 2834, 2564, 8332, 5944, 2308, 3986, 1386, 7131, 4258, 7121, 5811, 7574, 7697, 4933, 2439, 7169, 5480, 1055]","[89697, 33873, 81720, 67205, 79199, 26318, 34734, 83227, 19522, 12656, 16893, 17493, 4632, 96872, 89648, 62779, 39452, 14266, 62607, 17940, 25003, 99408, 35815, 31869, 50297]",61288,975102.0,"[1.0, 0.0, 1.0, 1.0, 1.0, 1.0, 1.0, 1.0, 1.0, 0.0, 0.0, 0.0, 0.0, 1.0, 1.0, 1.0, 0.0, 0.0, 1.0, 0.0, 0.0, 1.0, 0.0, 1.0, 1.0]"
25,"[1873, 1298, 4238, 9837, 7382, 3511, 7596, 1783, 5992, 1370, 1486, 8378, 4196, 5287, 3261, 9572, 1238, 7843, 2105, 2386, 2667, 3691, 8756, 2996, 2425]","[61156, 58175, 7849, 19976, 57866, 48078, 32113, 16401, 13884, 85360, 38563, 35414, 17142, 72492, 80464, 76257, 77693, 36135, 73232, 28862, 6190, 71199, 5331, 53186, 45648]",55583,950822.0,"[1.0, 1.0, 0.0, 0.0, 1.0, 1.0, 0.0, 1.0, 0.0, 1.0, 1.0, 0.0, 0.0, 1.0, 1.0, 1.0, 1.0, 0.0, 1.0, 1.0, 1.0, 1.0, 0.0, 1.0, 1.0]"
25,"[4262, 3107, 8036, 5320, 6938, 3747, 5677, 8972, 5264, 4133, 2465, 5109, 3211, 6539, 2689, 8727, 8764, 5541, 4541, 1818, 5521, 2124, 6660, 6641, 2129]","[35470, 19385, 24296, 62716, 90152, 27382, 77675, 98596, 23419, 94321, 82238, 95753, 40291, 13397, 58888, 36169, 63182, 93476, 43249, 29341, 76603, 47144, 62772, 80360, 14444]",63967,991730.0,"[0.0, 0.0, 0.0, 1.0, 1.0, 0.0, 1.0, 0.0, 0.0, 1.0, 1.0, 1.0, 1.0, 0.0, 1.0, 0.0, 0.0, 1.0, 0.0, 1.0, 1.0, 1.0, 1.0, 1.0, 0.0]"
25,"[9974, 1539, 6615, 3956, 9077, 4722, 6087, 7460, 3170, 4391, 7942, 2616, 7458, 3756, 7853, 8709, 2936, 4091, 1968, 8297, 4203, 7499, 6173, 1889, 9984]","[78186, 31984, 42941, 73918, 53683, 1801, 48965, 86269, 10969, 36969, 83269, 33449, 92679, 26705, 61303, 29363, 31720, 10972, 34351, 37145, 88948, 90614, 89116, 57235, 15855]",71182,909069.0,"[0.0, 1.0, 0.0, 1.0, 0.0, 0.0, 1.0, 1.0, 0.0, 1.0, 1.0, 1.0, 1.0, 0.0, 1.0, 0.0, 0.0, 0.0, 1.0, 0.0, 1.0, 1.0, 1.0, 1.0, 0.0]"
25,"[4401, 4185, 6285, 7772, 9490, 4347, 1788, 5945, 3889, 6273, 4272, 6234, 7902, 8612, 3492, 7745, 5240, 3322, 6298, 2861, 7620, 5047, 8581, 8320, 2098]","[39015, 32385, 71199, 39677, 13818, 89222, 64001, 24977, 50832, 41931, 84990, 79894, 73204, 46784, 10921, 35959, 33328, 9859, 90506, 75408, 85766, 27708, 19847, 56989, 93641]",71009,987052.0,"[1.0, 1.0, 1.0, 0.0, 0.0, 1.0, 1.0, 0.0, 1.0, 0.0, 1.0, 1.0, 1.0, 0.0, 0.0, 0.0, 0.0, 0.0, 1.0, 1.0, 1.0, 0.0, 0.0, 1.0, 1.0]"
25,"[5922, 5392, 4183, 4167, 3997, 7521, 4227, 7564, 3024, 1329, 3486, 2155, 5477, 3185, 8086, 3317, 4621, 5491, 3511, 8842, 9641, 8848, 6404, 6393, 2293]","[36233, 17304, 12294, 27425, 69711, 94311, 10425, 92549, 94464, 45990, 74746, 69295, 17091, 1002, 51411, 41958, 96696, 21707, 16248, 72309, 79322, 52720, 16037, 68421, 82867]",64538,982639.0,"[0.0, 0.0, 0.0, 0.0, 1.0, 1.0, 0.0, 1.0, 1.0, 1.0, 1.0, 1.0, 0.0, 0.0, 0.0, 1.0, 1.0, 0.0, 0.0, 1.0, 1.0, 0.0, 0.0, 1.0, 1.0]"
25,"[8844, 7111, 3338, 4758, 5810, 7791, 8171, 3731, 1869, 6166, 1093, 3987, 9627, 5947, 7651, 7979, 7794, 7524, 4144, 4587, 1076, 9959, 7553, 9297, 7694]","[82371, 85793, 4346, 97343, 96954, 57176, 53300, 12340, 34012, 36393, 76133, 26557, 65204, 74273, 18276, 55639, 8310, 36167, 85880, 11391, 51621, 11892, 77733, 79586, 37142]",76750,964079.0,"[1.0, 1.0, 0.0, 1.0, 1.0, 1.0, 0.0, 0.0, 1.0, 0.0, 1.0, 0.0, 1.0, 1.0, 0.0, 0.0, 0.0, 0.0, 1.0, 0.0, 1.0, 0.0, 1.0, 1.0, 0.0]"
25,"[9847, 9234, 8923, 6122, 6387, 8631, 8226, 6108, 3224, 3110, 1957, 8146, 1560, 8413, 2312, 2821, 6646, 5945, 6374, 3651, 5701, 3877, 6582, 6390, 5083]","[34513, 9749, 31783, 61645, 83861, 54175, 85216, 63709, 18323, 51762, 89220, 65222, 35493, 59328, 13213, 98367, 47930, 28713, 73723, 99336, 33583, 80944, 23369, 48928, 69950]",72635,1020589.0,"[0.0, 0.0, 0.0, 1.0, 1.0, 0.0, 1.0, 1.0, 0.0, 1.0, 1.0, 1.0, 1.0, 0.0, 1.0, 1.0, 0.0, 0.0, 1.0, 1.0, 0.0, 1.0, 0.0, 1.0, 1.0]"
25,"[2156, 4126, 9252, 2543, 1271, 6295, 5076, 6902, 3709, 6221, 9529, 7722, 9201, 5144, 6606, 7766, 1730, 5890, 2648, 5228, 3130, 5366, 2506, 3158, 3916]","[81758, 13363, 86149, 45563, 31628, 70672, 47246, 12161, 90110, 93438, 3810, 60860, 78199, 72688, 66548, 63363, 12162, 88858, 74535, 8219, 71864, 4621, 90792, 45433, 77850]",63545,1068584.0,"[1.0, 0.0, 1.0, 1.0, 1.0, 1.0, 1.0, 0.0, 1.0, 1.0, 0.0, 0.0, 0.0, 1.0, 0.0, 0.0, 0.0, 1.0, 1.0, 0.0, 1.0, 0.0, 1.0, 1.0, 1.0]"
25,"[1652, 6799, 9812, 4790, 2645, 5512, 5759, 6874, 4688, 8689, 2379, 5243, 7507, 8819, 9593, 3653, 6611, 7127, 4923, 9459, 6912, 6130, 6439, 8880, 7449]","[2725, 82406, 10304, 74058, 14663, 71320, 76008, 95488, 76591, 96044, 13676, 26192, 25722, 8446, 5725, 86597, 89207, 58632, 67945, 74741, 17365, 66792, 65857, 16704, 51575]",79172,1006945.0,"[0.0, 1.0, 0.0, 1.0, 0.0, 1.0, 1.0, 1.0, 1.0, 1.0, 0.0, 0.0, 0.0, 0.0, 0.0, 1.0, 1.0, 1.0, 1.0, 0.0, 0.0, 1.0, 1.0, 0.0, 0.0]"
25,"[5953, 3990, 2195, 5559, 5365, 2244, 7766, 6302, 2306, 3402, 1496, 4399, 1909, 1372, 7236, 2344, 9515, 3431, 5670, 3784, 2695, 2907, 5814, 1780, 2019]","[45225, 2403, 84346, 75391, 39636, 11839, 66546, 48829, 10230, 52977, 41232, 95792, 26651, 98919, 40963, 56872, 80198, 14739, 64294, 49356, 2789, 20420, 90297, 38606, 39640]",50726,880919.0,"[0.0, 0.0, 1.0, 1.0, 0.0, 0.0, 1.0, 0.0, 0.0, 1.0, 1.0, 1.0, 1.0, 1.0, 0.0, 1.0, 0.0, 0.0, 1.0, 1.0, 0.0, 0.0, 1.0, 1.0, 1.0]"
25,"[4653, 5299, 1973, 8083, 6494, 4406, 6150, 4129, 1104, 8433, 8689, 4567, 5348, 5390, 7811, 2181, 5644, 6873, 5394, 4534, 6844, 6939, 7475, 2774, 9283]","[82686, 99750, 99412, 62756, 69775, 39699, 37821, 31615, 14746, 87457, 23745, 2245, 25853, 28632, 13856, 57893, 71641, 69049, 59182, 3801, 98881, 80431, 40749, 74757, 56654]",70235,1005359.0,"[1.0, 1.0, 1.0, 0.0, 1.0, 1.0, 0.0, 0.0, 1.0, 1.0, 0.0, 0.0, 0.0, 0.0, 0.0, 1.0, 1.0, 1.0, 1.0, 0.0, 1.0, 1.0, 0.0, 1.0, 0.0]"
25,"[7038, 7229, 1364, 2800, 6958, 8436, 5793, 9160, 1179, 4873, 4960, 2186, 1773, 5460, 1352, 7943, 6202, 6344, 5507, 5830, 1117, 1481, 5287, 7802, 9298]","[5477, 63222, 7533, 50395, 24396, 13755, 1865, 12173, 59905, 39097, 34371, 12254, 5018, 6192, 3015, 69916, 29343, 70306, 6829, 35381, 82081, 19263, 54260, 44306, 92211]",63686,695213.0,"[0.0, 1.0, 1.0, 1.0, 0.0, 0.0, 0.0, 0.0, 1.0, 1.0, 1.0, 1.0, 1.0, 0.0, 0.0, 1.0, 0.0, 1.0, 0.0, 1.0, 1.0, 1.0, 1.0, 0.0, 1.0]"
100,"[9978, 1148, 2754, 8378, 7681, 4756, 6392, 4052, 6692, 5218, 5803, 3377, 6086, 4182, 4160, 7576, 9903, 3586, 3648, 8313, 2717, 6308, 8407, 1870, 4574, 6827, 8986, 9462, 9741, 6769, 6733, 4240, 5893, 1886, 6854, 6318, 3258, 5382, 2785, 8727, 1295, 3597, 1680, 5890, 5298, 1324, 8952, 1986, 4118, 1760, 8758, 1906, 6499, 1364, 8769, 4413, 9027, 8939, 4081, 6448, 4258, 3107, 8928, 3933, 3829, 9633, 6006, 2559, 2741, 6830, 8523, 1625, 2690, 9282, 7310, 4006, 5302, 2088, 7007, 5611, 8928, 5490, 9378, 2597, 4747, 3670, 9431, 3580, 8432, 9330, 3506, 5725, 5300, 9759, 8002, 7131, 9831, 5537, 3335, 5321]","[96295, 53137, 1559, 67249, 38361, 81720, 16261, 21372, 56355, 98676, 99560, 58920, 33544, 1037, 44032, 79233, 42420, 98243, 92552, 35600, 49285, 63008, 90520, 6167, 1432, 70687, 72947, 97324, 51903, 93159, 55149, 88640, 57768, 61184, 66792, 34439, 34257, 45674, 52248, 84602, 46371, 99282, 68996, 38297, 55273, 62256, 35743, 69752, 80803, 76117, 71051, 23076, 76312, 88483, 3963, 73322, 14866, 33305, 63403, 83896, 33813, 67729, 61686, 5512, 23666, 17630, 75519, 1636, 4775, 68957, 65591, 79561, 75816, 12351, 56184, 96707, 70180, 82678, 74309, 95002, 11778, 13501, 3108, 95905, 37382, 92354, 76787, 24341, 78214, 15367, 96208, 70868, 13002, 86820, 60949, 16700, 80305, 63543, 30318, 90859]",100000,2435769.0,"[0.0, 1.0, 0.0, 0.0, 0.0, 1.0, 0.0, 0.0, 0.0, 1.0, 1.0, 1.0, 0.0, 0.0, 0.0, 0.0, 0.0, 1.0, 1.0, 0.0, 1.0, 0.0, 0.0, 0.0, 0.0, 0.0, 0.0, 0.0, 0.0, 0.0, 0.0, 1.0, 0.0, 1.0, 0.0, 0.0, 0.0, 0.0, 1.0, 0.0, 1.0, 1.0, 1.0, 0.0, 0.0, 1.0, 0.0, 1.0, 1.0, 1.0, 0.0, 0.0, 0.0, 1.0, 0.0, 1.0, 0.0, 0.0, 1.0, 0.0, 0.0, 1.0, 0.0, 0.0, 0.0, 0.0, 0.0, 0.0, 0.0, 0.0, 0.0, 1.0, 1.0, 0.0, 0.0, 1.0, 0.0, 1.0, 0.0, 1.0, 0.0, 0.0, 0.0, 1.0, 0.0, 1.0, 0.0, 0.0, 0.0, 0.0, 1.0, 0.0, 0.0, 0.0, 0.0, 0.0, 0.0, 0.0, 0.0, 1.0]"
100,"[7963, 5568, 8838, 2845, 1382, 5112, 8069, 4810, 2509, 8573, 2578, 1879, 3162, 8714, 2359, 5431, 9148, 4960, 4811, 5242, 5217, 1080, 3732, 8833, 3709, 3422, 4641, 1667, 3496, 4499, 9080, 7823, 2189, 7604, 9650, 2025, 8785, 1071, 6546, 3685, 8372, 2848, 3022, 7338, 4741, 2298, 5102, 1904, 4026, 7709, 5711, 9021, 6969, 3620, 3646, 5865, 8345, 3289, 8370, 4872, 8690, 2440, 1765, 5092, 3666, 9655, 6968, 8641, 3181, 4888, 1840, 6899, 5118, 1565, 7005, 8226, 6890, 5311, 8736, 9848, 3982, 7083, 1556, 4019, 3580, 9146, 9243, 5019, 4138, 1671, 1777, 5927, 4022, 2860, 4139, 2074, 7763, 2986, 7327, 2046]","[3176, 85258, 85153, 62918, 28115, 78442, 41002, 58124, 7610, 50752, 79947, 75716, 48993, 11073, 38251, 97496, 72437, 39897, 51906, 52616, 5482, 91964, 73936, 40574, 44284, 73932, 8338, 43718, 13500, 12545, 62480, 6241, 90314, 23821, 5695, 78066, 15318, 51934, 23331, 53672, 92891, 77860, 94685, 69754, 86677, 3837, 41077, 80915, 5239, 87348, 30669, 49624, 76147, 5150, 12109, 27016, 12936, 12036, 40236, 15021, 37943, 82007, 51016, 24244, 64027, 39985, 2502, 54836, 4770, 43865, 54811, 5001, 61848, 53635, 21946, 67134, 96852, 92103, 93044, 44744, 40159, 96812, 24671, 17450, 15908, 58275, 45358, 50047, 36518, 58813, 97748, 7806, 41891, 84551, 40220, 18158, 81992, 28588, 63576, 89027]",100000,2400631.0,"[0.0, 1.0, 0.0, 1.0, 1.0, 1.0, 0.0, 0.0, 0.0, 0.0, 1.0, 1.0, 1.0, 0.0, 0.0, 1.0, 0.0, 0.0, 0.0, 0.0, 0.0, 1.0, 1.0, 0.0, 0.0, 1.0, 0.0, 1.0, 0.0, 0.0, 0.0, 0.0, 1.0, 0.0, 0.0, 1.0, 0.0, 1.0, 0.0, 1.0, 0.0, 1.0, 1.0, 0.0, 1.0, 0.0, 0.0, 1.0, 0.0, 0.0, 0.0, 0.0, 0.0, 0.0, 0.0, 0.0, 0.0, 0.0, 0.0, 0.0, 0.0, 1.0, 1.0, 0.0, 1.0, 0.0, 0.0, 0.0, 0.0, 0.0, 1.0, 0.0, 0.0, 1.0, 0.0, 0.0, 1.0, 1.0, 0.0, 0.0, 0.0, 1.0, 1.0, 0.0, 0.0, 0.0, 0.0, 0.0, 0.0, 1.0, 1.0, 0.0, 0.0, 1.0, 0.0, 0.0, 0.0, 0.0, 0.0, 1.0]"
100,"[8804, 5019, 1929, 4012, 6024, 7264, 8973, 5729, 8961, 3819, 7655, 2184, 9480, 7343, 1527, 1916, 4574, 4319, 2406, 2241, 6206, 8249, 4133, 1798, 2523, 8209, 5928, 3888, 3690, 5091, 8282, 7249, 1690, 9719, 2495, 1892, 9578, 6873, 5503, 1897, 1710, 4695, 3686, 8188, 6778, 8768, 6013, 5512, 1415, 5180, 5262, 3515, 6640, 7616, 1992, 5370, 2773, 4561, 4816, 7633, 2756, 3373, 3576, 5184, 9899, 3397, 6969, 5535, 7883, 9127, 1734, 1632, 5268, 5099, 3901, 2663, 6591, 4872, 2054, 9572, 4082, 9007, 5261, 3389, 4553, 6138, 1544, 4663, 3239, 4773, 3627, 7618, 7780, 9015, 4130, 1096, 4858, 3708, 6397, 7152]","[50608, 6914, 38136, 12179, 87008, 13076, 25783, 47716, 51298, 55304, 80360, 70835, 9118, 77292, 57911, 74489, 16185, 42792, 81210, 51613, 34927, 1386, 93153, 73728, 77281, 31020, 43678, 87695, 62394, 69945, 57414, 55816, 56918, 92281, 63694, 30455, 39735, 95702, 94608, 13109, 46802, 69020, 35622, 3597, 41597, 41954, 70519, 57115, 44151, 18040, 45772, 97090, 64832, 28916, 45871, 27372, 62707, 40080, 43722, 30048, 86205, 10777, 55711, 37331, 21968, 54969, 12292, 41794, 80459, 51192, 28703, 85193, 70165, 68650, 57516, 92110, 98885, 23257, 84509, 92273, 52672, 64308, 78583, 23113, 1694, 16588, 62756, 65085, 62142, 65373, 86603, 7704, 41136, 68507, 48361, 59847, 12441, 98012, 15677, 28818]",100000,2427924.0,"[0.0, 0.0, 1.0, 0.0, 0.0, 0.0, 0.0, 0.0, 0.0, 1.0, 0.0, 1.0, 0.0, 0.0, 1.0, 1.0, 0.0, 0.0, 1.0, 1.0, 0.0, 0.0, 1.0, 1.0, 1.0, 0.0, 0.0, 1.0, 1.0, 0.0, 0.0, 0.0, 1.0, 0.0, 1.0, 1.0, 0.0, 0.0, 1.0, 0.0, 1.0, 1.0, 0.0, 0.0, 0.0, 0.0, 0.0, 0.0, 1.0, 0.0, 0.0, 1.0, 0.0, 0.0, 1.0, 0.0, 1.0, 0.0, 0.0, 0.0, 1.0, 0.0, 1.0, 0.0, 0.0, 1.0, 0.0, 0.0, 0.0, 0.0, 1.0, 1.0, 0.0, 0.0, 1.0, 1.0, 0.0, 0.0, 1.0, 0.0, 0.0, 0.0, 1.0, 0.0, 0.0, 0.0, 1.0, 0.0, 1.0, 0.0, 1.0, 0.0, 0.0, 0.0, 0.0, 1.0, 0.0, 1.0, 0.0, 0.0]"
100,"[2868, 2671, 2728, 8632, 7403, 7092, 3142, 7184, 7010, 1253, 5102, 4542, 3775, 8678, 7212, 5637, 7034, 9457, 7476, 4148, 4359, 2004, 5717, 4271, 1209, 6539, 1153, 4593, 9606, 2284, 4148, 1768, 6607, 4202, 3787, 3210, 8399, 7338, 9733, 1358, 1849, 8498, 5522, 3544, 2831, 2472, 1329, 6851, 8032, 6266, 5354, 7435, 8978, 5238, 7112, 5722, 2388, 5185, 9911, 4235, 5576, 2100, 9864, 9708, 3532, 8770, 4670, 1781, 4523, 7131, 5782, 5995, 2501, 4080, 1502, 4885, 9009, 1623, 2050, 8385, 7081, 6484, 4772, 4916, 5018, 2329, 5114, 4367, 9095, 6141, 4951, 6084, 2573, 3634, 3768, 6302, 7250, 2211, 9967, 6955]","[2160, 88897, 73577, 85303, 11846, 20924, 14882, 81274, 87555, 2095, 41983, 15123, 94668, 67615, 96193, 46278, 98911, 91290, 52999, 32153, 19344, 38656, 71515, 2212, 10001, 79784, 99723, 82144, 37427, 32368, 71819, 62160, 26854, 11715, 82701, 59784, 27797, 48573, 77120, 15780, 38905, 22573, 34359, 67062, 74391, 44463, 96018, 17571, 98276, 20142, 26104, 9625, 40199, 16926, 32218, 45472, 92916, 21566, 57125, 34205, 30717, 50984, 26135, 29164, 75489, 39562, 70110, 21169, 60858, 22604, 90670, 89738, 1684, 9007, 42787, 50582, 75791, 98798, 84629, 6782, 67770, 58645, 32996, 30204, 18152, 56186, 91555, 86024, 20689, 51690, 95042, 84251, 58320, 65226, 57091, 80301, 22942, 39712, 66277, 50632]",100000,2303672.0,"[0.0, 1.0, 1.0, 0.0, 0.0, 0.0, 0.0, 0.0, 0.0, 0.0, 0.0, 0.0, 1.0, 0.0, 0.0, 0.0, 0.0, 0.0, 0.0, 0.0, 0.0, 1.0, 0.0, 0.0, 0.0, 0.0, 1.0, 1.0, 0.0, 1.0, 1.0, 1.0, 0.0, 0.0, 1.0, 1.0, 0.0, 0.0, 0.0, 0.0, 1.0, 0.0, 0.0, 1.0, 1.0, 1.0, 1.0, 0.0, 0.0, 0.0, 0.0, 0.0, 0.0, 0.0, 0.0, 0.0, 1.0, 0.0, 0.0, 0.0, 0.0, 1.0, 0.0, 0.0, 1.0, 0.0, 0.0, 1.0, 0.0, 0.0, 1.0, 1.0, 0.0, 0.0, 1.0, 0.0, 0.0, 1.0, 1.0, 0.0, 0.0, 0.0, 0.0, 0.0, 0.0, 1.0, 1.0, 1.0, 0.0, 0.0, 1.0, 0.0, 1.0, 1.0, 1.0, 0.0, 0.0, 1.0, 0.0, 0.0]"
100,"[6263, 5094, 7167, 3793, 3892, 2198, 9011, 3372, 2892, 6790, 2883, 6467, 1797, 9209, 9235, 1154, 5962, 5080, 9050, 6947, 5320, 2892, 4424, 3015, 7673, 7032, 5833, 1565, 8412, 3018, 3314, 5412, 4883, 9216, 7739, 8902, 2189, 8156, 8342, 7884, 4157, 6520, 2741, 4688, 8485, 6369, 6644, 5023, 1716, 4967, 8423, 7450, 4215, 8825, 1390, 4037, 1232, 4131, 8634, 1233, 2391, 1889, 8902, 1745, 1427, 1731, 1799, 7507, 8025, 8624, 9326, 6383, 7207, 3538, 4718, 9232, 4367, 6008, 6229, 8388, 3415, 8171, 3949, 5261, 6145, 4466, 4088, 2115, 5578, 3590, 8372, 4573, 3978, 8313, 8022, 5975, 5925, 9047, 9090, 9051]","[88212, 56797, 44554, 55555, 86350, 15716, 61261, 28528, 2995, 23414, 14844, 37659, 16522, 75034, 43322, 68638, 9524, 31846, 74643, 61096, 84804, 48703, 25399, 76160, 93662, 89667, 49591, 21714, 36877, 85106, 79018, 60136, 34414, 87576, 79943, 46468, 99841, 80702, 73108, 99538, 93508, 47835, 64333, 43464, 23923, 62855, 68445, 99384, 68619, 47146, 61032, 18140, 3670, 37519, 45512, 58811, 15691, 35262, 55892, 26595, 58207, 34440, 9630, 32250, 95334, 99748, 78518, 75191, 65791, 85118, 64753, 61520, 5008, 45464, 1496, 24212, 21637, 46227, 83413, 84346, 10884, 69259, 50810, 5761, 74166, 17375, 26218, 31565, 33975, 28073, 70726, 2883, 69422, 50629, 65170, 75489, 9381, 24238, 14795, 96964]",100000,2084120.0,"[1.0, 0.0, 0.0, 1.0, 1.0, 0.0, 0.0, 0.0, 0.0, 0.0, 0.0, 0.0, 0.0, 0.0, 0.0, 1.0, 0.0, 0.0, 0.0, 0.0, 1.0, 1.0, 0.0, 1.0, 0.0, 1.0, 0.0, 1.0, 0.0, 1.0, 1.0, 0.0, 0.0, 0.0, 0.0, 0.0, 1.0, 0.0, 0.0, 1.0, 1.0, 0.0, 1.0, 0.0, 0.0, 0.0, 0.0, 1.0, 1.0, 0.0, 0.0, 0.0, 0.0, 0.0, 1.0, 1.0, 1.0, 0.0, 0.0, 1.0, 1.0, 1.0, 0.0, 1.0, 1.0, 1.0, 1.0, 0.0, 0.0, 0.0, 0.0, 0.0, 0.0, 1.0, 0.0, 0.0, 0.0, 0.0, 1.0, 0.0, 0.0, 0.0, 0.0, 0.0, 0.0, 0.0, 0.0, 1.0, 0.0, 0.0, 0.0, 0.0, 1.0, 0.0, 0.0, 0.0, 0.0, 0.0, 0.0, 0.0]"
100,"[1755, 5931, 6724, 5150, 5060, 5765, 4612, 7553, 8378, 2689, 2316, 8130, 4186, 6789, 2145, 5394, 8942, 8548, 1560, 2912, 2864, 1296, 3409, 8630, 2461, 5292, 3268, 1994, 7554, 1007, 3515, 2417, 3316, 8358, 4932, 7204, 2287, 2118, 9744, 8637, 1660, 9907, 7922, 9104, 7337, 3529, 4970, 4407, 8416, 5760, 2897, 7364, 9464, 5087, 5374, 8607, 5019, 1815, 8255, 1922, 5867, 2264, 4724, 3722, 6355, 3550, 6319, 7686, 2673, 5587, 6353, 7857, 2666, 5511, 7172, 2384, 5403, 4954, 7305, 9252, 8238, 7981, 7026, 7609, 9664, 1958, 9724, 1493, 8042, 1081, 7999, 3970, 1011, 8824, 1761, 4185, 1025, 2806, 7651, 6664]","[62501, 29900, 15126, 71690, 88744, 80303, 86579, 48994, 68061, 17978, 57344, 47648, 2055, 76582, 82214, 45876, 93160, 39725, 6255, 75947, 54380, 54333, 43459, 37163, 34971, 97771, 66149, 85730, 20476, 69580, 87593, 70050, 76526, 8507, 71393, 13118, 51529, 69682, 92937, 55176, 92713, 5414, 84030, 86973, 63137, 4937, 37731, 87862, 39665, 75510, 18500, 2750, 66018, 5027, 6745, 62731, 87984, 29451, 94743, 72474, 62536, 13150, 14406, 20781, 58417, 19325, 69684, 95415, 74469, 10436, 18669, 73010, 77764, 2843, 66609, 51812, 17059, 87269, 41768, 26395, 21202, 14273, 49889, 99635, 74048, 94767, 89810, 46510, 88945, 71649, 3881, 46913, 85785, 66037, 63457, 36343, 63389, 79250, 9656, 6741]",100000,2589924.0,"[1.0, 0.0, 0.0, 0.0, 1.0, 1.0, 1.0, 0.0, 0.0, 0.0, 1.0, 0.0, 0.0, 0.0, 1.0, 0.0, 0.0, 0.0, 0.0, 1.0, 1.0, 1.0, 0.0, 0.0, 1.0, 1.0, 1.0, 1.0, 0.0, 1.0, 1.0, 1.0, 1.0, 0.0, 1.0, 0.0, 1.0, 1.0, 0.0, 0.0, 1.0, 0.0, 0.0, 0.0, 0.0, 0.0, 0.0, 1.0, 0.0, 0.0, 0.0, 0.0, 0.0, 0.0, 0.0, 0.0, 1.0, 1.0, 0.0, 1.0, 0.0, 0.0, 0.0, 0.0, 0.0, 0.0, 0.0, 0.0, 1.0, 0.0, 0.0, 0.0, 1.0, 0.0, 0.0, 1.0, 0.0, 1.0, 0.0, 0.0, 0.0, 0.0, 0.0, 0.0, 0.0, 1.0, 0.0, 1.0, 0.0, 1.0, 0.0, 0.0, 1.0, 0.0, 1.0, 0.0, 1.0, 1.0, 0.0, 0.0]"
100,"[1277, 1065, 5262, 6704, 9594, 8989, 7255, 8441, 5692, 5419, 8960, 7078, 2437, 9620, 8032, 6731, 4378, 9584, 7347, 7401, 7629, 5541, 8876, 9533, 9324, 1264, 2434, 6327, 6097, 2660, 6692, 3354, 9457, 7461, 8044, 6497, 5549, 7334, 7010, 5926, 7065, 3179, 5967, 1634, 4631, 5677, 3218, 2389, 5276, 2249, 8640, 6712, 2245, 9245, 1442, 7976, 5675, 8953, 5377, 8058, 1822, 3939, 8096, 6765, 2031, 1562, 1340, 5567, 8862, 3296, 1234, 6202, 2291, 5727, 9720, 3939, 6435, 7981, 6392, 8972, 2233, 3800, 3775, 7044, 4487, 8383, 4850, 5997, 1890, 6920, 2188, 6644, 1740, 2369, 3000, 2471, 2536, 1318, 6153, 2894]","[31985, 29287, 74527, 16439, 95620, 43235, 28659, 25976, 83643, 68865, 69306, 57697, 71382, 17651, 50044, 15633, 80164, 1569, 60900, 68509, 34038, 50088, 74177, 75466, 73216, 67793, 74786, 39138, 64310, 29757, 71394, 80027, 91830, 57151, 50272, 7908, 11844, 52455, 69447, 75527, 78108, 44066, 96229, 41004, 39333, 84029, 40697, 18634, 25561, 19033, 73887, 56063, 26921, 20340, 63781, 15901, 11638, 39596, 87914, 45324, 89356, 91596, 33642, 26378, 51867, 74686, 43875, 90595, 84729, 65377, 55691, 94337, 65303, 61839, 50063, 92782, 79343, 84071, 6492, 32357, 72838, 33314, 49697, 71283, 60567, 48006, 61011, 11686, 38449, 62606, 19891, 53115, 61719, 96464, 74030, 37723, 30877, 94517, 15026, 21422]",100000,2318323.0,"[1.0, 1.0, 1.0, 0.0, 0.0, 0.0, 0.0, 0.0, 1.0, 0.0, 0.0, 0.0, 1.0, 0.0, 0.0, 0.0, 1.0, 0.0, 0.0, 0.0, 0.0, 0.0, 0.0, 0.0, 0.0, 1.0, 1.0, 0.0, 0.0, 0.0, 0.0, 1.0, 0.0, 0.0, 0.0, 0.0, 0.0, 0.0, 0.0, 0.0, 0.0, 0.0, 1.0, 1.0, 0.0, 1.0, 0.0, 0.0, 0.0, 0.0, 0.0, 0.0, 0.0, 0.0, 1.0, 0.0, 0.0, 0.0, 1.0, 0.0, 1.0, 1.0, 0.0, 0.0, 1.0, 1.0, 1.0, 1.0, 0.0, 1.0, 1.0, 1.0, 1.0, 0.0, 0.0, 1.0, 0.0, 0.0, 0.0, 0.0, 1.0, 0.0, 0.0, 0.0, 1.0, 0.0, 0.0, 0.0, 1.0, 0.0, 0.0, 0.0, 1.0, 1.0, 1.0, 1.0, 0.0, 1.0, 0.0, 0.0]"
100,"[1713, 8260, 8011, 9879, 9521, 2746, 2207, 1784, 3696, 8073, 6036, 8127, 4718, 6775, 8910, 3693, 1625, 4708, 7859, 9953, 8692, 7398, 8252, 2555, 9867, 5187, 8767, 1036, 2787, 7283, 9060, 9065, 4880, 6932, 9328, 7333, 6759, 7485, 6067, 1661, 8973, 7386, 8887, 1414, 7850, 9534, 3729, 4897, 3169, 2878, 7454, 5570, 2515, 1574, 3867, 4544, 5477, 1071, 3980, 6492, 5759, 9084, 1039, 6373, 8565, 2900, 3217, 5796, 5606, 2283, 9775, 9650, 1815, 3511, 1246, 5825, 7516, 1416, 7702, 4717, 1107, 5513, 2421, 8283, 1255, 8248, 3962, 3282, 9744, 9372, 2477, 9762, 5952, 6880, 6592, 8091, 1591, 7277, 3260, 1347]","[25741, 38211, 42542, 7869, 94618, 88616, 65732, 95515, 20422, 36613, 58016, 61110, 89529, 78922, 35033, 46213, 62993, 13938, 77695, 3274, 85390, 32815, 77018, 19961, 21044, 22975, 15706, 6974, 77464, 22213, 2950, 86013, 11411, 88231, 47156, 63744, 18771, 70810, 36053, 53076, 8045, 58623, 30714, 35386, 9562, 56048, 94295, 13026, 32589, 98274, 27844, 24447, 91415, 78502, 84268, 55708, 64925, 71825, 52574, 86548, 19812, 56309, 65230, 42628, 41581, 47628, 89628, 26105, 80830, 70157, 33442, 88235, 3347, 96022, 48650, 18110, 63170, 5923, 52801, 63771, 82147, 49135, 20199, 10066, 53136, 93290, 37575, 90796, 47733, 17991, 23553, 90710, 88493, 1634, 96417, 13771, 19298, 80876, 99892, 36999]",100000,2432222.0,"[1.0, 0.0, 0.0, 0.0, 0.0, 1.0, 1.0, 1.0, 0.0, 0.0, 0.0, 0.0, 1.0, 0.0, 0.0, 1.0, 1.0, 0.0, 0.0, 0.0, 0.0, 0.0, 0.0, 0.0, 0.0, 0.0, 0.0, 0.0, 1.0, 0.0, 0.0, 0.0, 0.0, 1.0, 0.0, 0.0, 0.0, 0.0, 0.0, 1.0, 0.0, 0.0, 0.0, 1.0, 0.0, 0.0, 1.0, 0.0, 0.0, 1.0, 0.0, 0.0, 1.0, 1.0, 1.0, 0.0, 0.0, 1.0, 1.0, 1.0, 0.0, 0.0, 1.0, 0.0, 0.0, 1.0, 1.0, 0.0, 1.0, 1.0, 0.0, 0.0, 0.0, 1.0, 1.0, 0.0, 0.0, 0.0, 0.0, 0.0, 1.0, 0.0, 0.0, 0.0, 1.0, 0.0, 0.0, 1.0, 0.0, 0.0, 0.0, 0.0, 1.0, 0.0, 1.0, 0.0, 0.0, 0.0, 1.0, 1.0]"
100,"[7351, 4838, 2973, 6044, 7103, 7683, 6837, 7783, 6594, 4822, 4389, 6914, 2780, 4688, 8211, 6037, 7319, 9640, 1081, 7278, 7999, 2406, 8410, 2480, 4598, 8993, 5183, 4680, 8644, 5310, 2758, 3599, 6616, 6813, 4853, 3292, 2501, 9422, 8550, 5250, 7991, 1114, 5406, 3347, 2041, 7927, 1011, 8980, 8871, 7375, 8098, 4676, 7109, 6397, 4065, 3036, 4046, 1540, 1076, 4067, 1023, 6134, 1675, 7668, 5267, 6988, 8652, 9680, 2485, 4659, 3419, 8740, 8143, 4495, 1756, 9448, 2779, 7487, 1258, 5075, 9498, 9014, 2118, 8631, 4017, 5341, 2658, 9378, 2797, 1784, 6691, 4196, 9532, 1562, 5746, 3999, 2193, 1068, 6679, 3428]","[72736, 89913, 79946, 46971, 4598, 11564, 97434, 50725, 87134, 60940, 63085, 18862, 11265, 10705, 56279, 63471, 92080, 80834, 63979, 56828, 99206, 47104, 41934, 7050, 44952, 87570, 9484, 63648, 60945, 54678, 32323, 87332, 95605, 88363, 36361, 11315, 48968, 27519, 10107, 56781, 4869, 81983, 28370, 63695, 61422, 8971, 97805, 26651, 57974, 24446, 39108, 76179, 4823, 14454, 4932, 11220, 75090, 68965, 29208, 73980, 11510, 45045, 11537, 73683, 70134, 73254, 14782, 66587, 83238, 76720, 79004, 23072, 82015, 95003, 89938, 73746, 46702, 7057, 31916, 28268, 44978, 24259, 54583, 80400, 35293, 8043, 51430, 39893, 41642, 79065, 31868, 27309, 24284, 70000, 85179, 63107, 66049, 30265, 82490, 24880]",100000,2293959.0,"[0.0, 1.0, 1.0, 0.0, 0.0, 0.0, 1.0, 0.0, 0.0, 0.0, 0.0, 0.0, 0.0, 0.0, 0.0, 0.0, 0.0, 0.0, 1.0, 0.0, 0.0, 1.0, 0.0, 0.0, 0.0, 0.0, 0.0, 0.0, 0.0, 0.0, 0.0, 1.0, 1.0, 0.0, 0.0, 0.0, 1.0, 0.0, 0.0, 0.0, 0.0, 1.0, 0.0, 1.0, 1.0, 0.0, 1.0, 0.0, 0.0, 0.0, 0.0, 1.0, 0.0, 0.0, 0.0, 0.0, 1.0, 1.0, 1.0, 1.0, 1.0, 0.0, 0.0, 0.0, 0.0, 0.0, 0.0, 0.0, 1.0, 1.0, 1.0, 0.0, 0.0, 1.0, 1.0, 0.0, 1.0, 0.0, 1.0, 0.0, 0.0, 0.0, 1.0, 0.0, 0.0, 0.0, 1.0, 0.0, 1.0, 1.0, 0.0, 0.0, 0.0, 1.0, 1.0, 1.0, 1.0, 1.0, 0.0, 0.0]"
100,"[3659, 1255, 2502, 5656, 6430, 9598, 4176, 2860, 7158, 6806, 5354, 1722, 8579, 1613, 4331, 6790, 4116, 1330, 3212, 6493, 8232, 6614, 6913, 6913, 6611, 1319, 9085, 5200, 5791, 1329, 9851, 7742, 5916, 2793, 7457, 9125, 6703, 7170, 7644, 8420, 5155, 9411, 3611, 6691, 3593, 1095, 7041, 6063, 9437, 4349, 8644, 7560, 6247, 6356, 5077, 5898, 2417, 9846, 1110, 9281, 9954, 8391, 6132, 3504, 9289, 6239, 1292, 2734, 6120, 7393, 3196, 4466, 2906, 2721, 2816, 9444, 5227, 6775, 4849, 6228, 7849, 2058, 3322, 9378, 1948, 9179, 5359, 6660, 8254, 9401, 3093, 2563, 9217, 1174, 2334, 1321, 6698, 6604, 7742, 8436]","[91444, 6674, 71538, 94103, 67446, 30072, 34717, 88345, 27651, 45291, 64350, 83020, 5646, 40713, 68936, 45331, 23185, 85263, 99656, 53107, 67554, 18563, 71729, 16701, 70072, 49217, 45610, 85422, 51131, 30410, 59715, 39665, 16957, 49127, 64589, 47008, 62920, 33875, 2626, 91815, 64822, 72765, 73413, 34642, 39311, 33356, 4809, 44371, 35875, 10465, 67095, 74844, 66250, 87889, 16250, 47023, 47624, 17427, 34276, 72643, 80012, 4439, 86848, 88331, 79672, 80703, 18300, 61289, 18182, 71507, 51912, 27909, 20659, 32403, 34586, 11360, 22424, 99035, 49791, 4065, 69795, 13300, 34370, 70831, 28209, 21927, 35579, 10032, 94254, 79413, 41731, 93202, 54767, 73302, 50954, 89365, 86757, 26102, 35433, 16932]",100000,2145390.0,"[1.0, 0.0, 1.0, 1.0, 0.0, 0.0, 0.0, 1.0, 0.0, 0.0, 0.0, 1.0, 0.0, 1.0, 1.0, 0.0, 0.0, 1.0, 1.0, 0.0, 0.0, 0.0, 0.0, 0.0, 0.0, 1.0, 0.0, 1.0, 0.0, 1.0, 0.0, 0.0, 0.0, 1.0, 0.0, 0.0, 0.0, 0.0, 0.0, 0.0, 0.0, 0.0, 1.0, 0.0, 0.0, 1.0, 0.0, 0.0, 0.0, 0.0, 0.0, 0.0, 0.0, 1.0, 0.0, 0.0, 1.0, 0.0, 1.0, 0.0, 0.0, 0.0, 1.0, 1.0, 0.0, 1.0, 0.0, 1.0, 0.0, 0.0, 1.0, 0.0, 0.0, 0.0, 0.0, 0.0, 0.0, 1.0, 0.0, 0.0, 0.0, 0.0, 0.0, 0.0, 1.0, 0.0, 0.0, 0.0, 0.0, 0.0, 1.0, 1.0, 0.0, 1.0, 1.0, 1.0, 1.0, 0.0, 0.0, 0.0]"
200,"[9651, 7975, 3552, 8475, 3808, 6633, 7096, 9823, 3456, 6423, 5317, 2556, 3205, 4955, 7805, 1404, 2620, 3952, 9080, 4118, 8380, 7630, 1565, 5799, 8670, 3868, 9776, 5327, 7413, 8614, 2245, 9243, 1537, 1540, 1814, 2415, 2652, 5062, 3356, 4810, 1185, 2551, 8013, 1761, 7163, 8635, 4281, 2536, 7201, 4164, 3770, 8399, 4845, 4435, 5710, 1561, 5717, 8623, 8187, 3180, 2960, 4879, 6153, 8035, 4270, 5687, 1582, 1288, 6664, 8979, 4859, 4060, 2183, 5335, 2446, 7679, 7213, 2903, 8894, 3377, 1847, 8370, 7341, 2239, 6600, 5791, 3365, 6055, 6622, 1372, 8783, 2949, 1244, 8795, 6772, 1124, 2919, 1530, 8849, 7929, 5349, 5756, 2801, 6156, 8856, 6461, 6302, 8432, 7189, 2142, 8076, 8614, 5840, 2629, 6062, 1762, 7905, 5889, 5839, 4957, 1557, 5621, 1839, 9194, 9348, 7998, 1510, 2137, 6606, 5666, 9906, 6434, 7446, 3654, 1990, 8820, 3160, 6740, 5457, 3063, 2977, 9567, 9933, 3667, 5919, 9609, 8642, 9798, 9759, 1543, 1883, 5798, 9040, 6718, 3068, 8478, 9120, 8820, 2786, 6715, 9269, 2308, 9839, 9744, 9473, 5861, 3776, 2596, 1479, 4312, 7156, 8919, 7744, 4898, 3072, 6624, 1938, 9176, 1761, 8254, 2669, 8128, 4862, 3685, 7634, 2931, 8308, 4939, 2126, 7021, 7437, 8039, 6373, 2203, 5135, 9711, 8904, 3283, 5558, 6347]","[90787, 56096, 91594, 4093, 25918, 73743, 63636, 59806, 10394, 93510, 94708, 98819, 14280, 37303, 28453, 61695, 69449, 26765, 3340, 92715, 94409, 39057, 1597, 58988, 95655, 16025, 8145, 56797, 42723, 74230, 5830, 24930, 24752, 77025, 99228, 82304, 63040, 68696, 65648, 56030, 57815, 86669, 36690, 89406, 91032, 58923, 37572, 55030, 68904, 30203, 78088, 6608, 46667, 56547, 23485, 10862, 76948, 87890, 72880, 58560, 84529, 95218, 29415, 65523, 20323, 54214, 18997, 58003, 4679, 96025, 41308, 76024, 40842, 66408, 70532, 54938, 6695, 96740, 59499, 24382, 15235, 63223, 3366, 28467, 60316, 7764, 91896, 62836, 32923, 96711, 17292, 2614, 21939, 19800, 57440, 24246, 53805, 50648, 57851, 32688, 94498, 30764, 33470, 39501, 58207, 63157, 4216, 23072, 94778, 38132, 18861, 65186, 5960, 19781, 32126, 23578, 18883, 30782, 57387, 17979, 34746, 67266, 1056, 32457, 3243, 56031, 2701, 57381, 51438, 74839, 81636, 67483, 21505, 7553, 34525, 81402, 97008, 45348, 72187, 8273, 65236, 76569, 4535, 19677, 84024, 1908, 71153, 96967, 89989, 36079, 82556, 50323, 46320, 93098, 90909, 47105, 31164, 2885, 58819, 2049, 54281, 44271, 67697, 67351, 37534, 94034, 59097, 54813, 26037, 37007, 80478, 28278, 9272, 58183, 39294, 74277, 63509, 5694, 96842, 59150, 68470, 22556, 65471, 50855, 50086, 19907, 72695, 49487, 30158, 21293, 46761, 34387, 41750, 69602, 22256, 6594, 3460, 73356, 55698, 17191]",100000,2911144.0,"[0.0, 0.0, 1.0, 0.0, 0.0, 0.0, 0.0, 0.0, 0.0, 0.0, 0.0, 1.0, 0.0, 0.0, 0.0, 1.0, 1.0, 0.0, 0.0, 1.0, 0.0, 0.0, 0.0, 0.0, 0.0, 0.0, 0.0, 0.0, 0.0, 0.0, 0.0, 0.0, 0.0, 1.0, 1.0, 1.0, 1.0, 0.0, 1.0, 0.0, 1.0, 1.0, 0.0, 1.0, 0.0, 0.0, 0.0, 1.0, 0.0, 0.0, 1.0, 0.0, 0.0, 0.0, 0.0, 0.0, 0.0, 0.0, 0.0, 1.0, 1.0, 1.0, 0.0, 0.0, 0.0, 0.0, 0.0, 1.0, 0.0, 0.0, 0.0, 0.0, 0.0, 0.0, 1.0, 0.0, 0.0, 1.0, 0.0, 0.0, 0.0, 0.0, 0.0, 0.0, 0.0, 0.0, 1.0, 0.0, 0.0, 1.0, 0.0, 0.0, 1.0, 0.0, 0.0, 1.0, 0.0, 1.0, 0.0, 0.0, 0.0, 0.0, 0.0, 0.0, 0.0, 0.0, 0.0, 0.0, 0.0, 0.0, 0.0, 0.0, 0.0, 0.0, 0.0, 0.0, 0.0, 0.0, 0.0, 0.0, 1.0, 0.0, 0.0, 0.0, 0.0, 0.0, 0.0, 1.0, 0.0, 0.0, 0.0, 0.0, 0.0, 0.0, 0.0, 0.0, 1.0, 0.0, 0.0, 0.0, 1.0, 0.0, 0.0, 0.0, 0.0, 0.0, 0.0, 0.0, 0.0, 1.0, 1.0, 0.0, 0.0, 0.0, 1.0, 0.0, 0.0, 0.0, 1.0, 0.0, 0.0, 1.0, 0.0, 0.0, 0.0, 0.0, 0.0, 1.0, 0.0, 0.0, 0.0, 0.0, 0.0, 0.0, 0.0, 0.0, 1.0, 0.0, 1.0, 0.0, 1.0, 0.0, 0.0, 0.0, 0.0, 0.0, 0.0, 0.0, 0.0, 0.0, 0.0, 0.0, 0.0, 1.0, 0.0, 0.0, 0.0, 1.0, 0.0, 0.0]"
200,"[3711, 2291, 6374, 3655, 7513, 8394, 1704, 1825, 1376, 1972, 5213, 1443, 8519, 1754, 5735, 6396, 4465, 3711, 3407, 9814, 6588, 7104, 6747, 2723, 8224, 2919, 1918, 5215, 1581, 4881, 4909, 2999, 1400, 4648, 6445, 3628, 2656, 1620, 1246, 6212, 4339, 7758, 8086, 4010, 5719, 3368, 2839, 3903, 7205, 5395, 6767, 4691, 8470, 4841, 5348, 7621, 2392, 7060, 5255, 5300, 4338, 6487, 4514, 1759, 9621, 7793, 3459, 6273, 2718, 6423, 2308, 2050, 6479, 3249, 3809, 3921, 5676, 5041, 3417, 1532, 9167, 2469, 8292, 9961, 8142, 7000, 8081, 5649, 7931, 4424, 2091, 8849, 5654, 1260, 6936, 5370, 5301, 8207, 6819, 1092, 6161, 8632, 7208, 9556, 5916, 4718, 7125, 2924, 4095, 7683, 6181, 3538, 3276, 9194, 1910, 1306, 7575, 5231, 7028, 7658, 7336, 1872, 2141, 1665, 9400, 1951, 5722, 5008, 7655, 7190, 1771, 5030, 8859, 1521, 4355, 2400, 4723, 7579, 4247, 2858, 5781, 5064, 3398, 1142, 6062, 4469, 4695, 1717, 1642, 3548, 9561, 4650, 8549, 9978, 1949, 6444, 1521, 7632, 7048, 1354, 2482, 7994, 3215, 5716, 9619, 6821, 3537, 7339, 9736, 5919, 8075, 4765, 9850, 8082, 3827, 3058, 8749, 1730, 2832, 9600, 7505, 8170, 5179, 7299, 8830, 5802, 7057, 7615, 7762, 6543, 9325, 5883, 8050, 5959, 1666, 1276, 1881, 3060, 3082, 7702]","[75965, 49621, 33926, 38997, 60940, 41724, 98805, 32704, 29391, 64291, 90723, 3526, 25686, 74339, 99204, 7574, 9733, 51290, 73793, 37051, 16909, 90682, 78338, 74432, 29133, 52571, 80062, 51908, 12278, 52458, 65265, 57782, 56415, 92087, 55160, 55399, 26298, 23191, 57964, 34092, 90407, 76257, 63513, 52097, 31279, 15404, 71022, 36198, 95223, 50997, 79692, 1567, 62032, 3179, 3019, 82455, 86239, 19704, 19030, 70445, 74551, 4420, 60875, 48653, 17740, 66263, 96864, 65559, 20465, 52432, 5131, 11652, 65973, 88043, 48147, 48671, 90342, 20171, 87129, 56692, 59541, 10470, 62344, 45308, 51639, 22326, 5597, 31788, 66020, 50477, 34071, 71603, 62923, 71560, 74251, 58492, 32770, 77762, 36399, 79948, 58439, 45415, 13569, 3369, 98557, 1528, 31314, 19047, 20748, 36109, 14919, 48498, 56808, 81792, 71441, 75420, 29906, 72486, 67896, 22946, 48020, 75266, 23161, 28738, 4925, 9463, 58153, 83948, 62009, 88938, 92253, 42552, 57271, 10797, 87130, 72942, 14965, 14733, 54223, 27926, 29783, 84360, 37394, 65796, 29287, 83104, 31436, 87916, 91332, 74567, 88483, 4188, 92205, 98349, 7765, 52626, 89707, 11807, 11204, 93602, 58944, 43120, 23658, 38081, 35986, 80322, 95819, 51304, 66592, 59548, 99447, 40986, 75095, 92594, 89281, 67151, 74598, 29214, 39745, 43548, 11681, 7984, 28579, 91810, 55933, 28399, 32481, 1944, 94993, 10114, 40846, 84666, 78848, 33596, 76287, 7907, 29114, 26009, 85846, 51241]",100000,3124501.0,"[1.0, 0.0, 0.0, 0.0, 0.0, 0.0, 1.0, 1.0, 1.0, 1.0, 0.0, 0.0, 0.0, 1.0, 0.0, 0.0, 0.0, 0.0, 1.0, 0.0, 0.0, 0.0, 0.0, 1.0, 0.0, 0.0, 1.0, 0.0, 0.0, 0.0, 0.0, 1.0, 1.0, 1.0, 0.0, 0.0, 0.0, 0.0, 1.0, 0.0, 1.0, 0.0, 0.0, 0.0, 0.0, 0.0, 1.0, 0.0, 0.0, 0.0, 0.0, 0.0, 0.0, 0.0, 0.0, 0.0, 1.0, 0.0, 0.0, 0.0, 0.0, 0.0, 0.0, 1.0, 0.0, 0.0, 1.0, 0.0, 0.0, 0.0, 0.0, 0.0, 0.0, 1.0, 0.0, 0.0, 0.0, 0.0, 1.0, 1.0, 0.0, 0.0, 0.0, 0.0, 0.0, 0.0, 0.0, 0.0, 0.0, 0.0, 0.0, 0.0, 0.0, 1.0, 0.0, 0.0, 0.0, 0.0, 0.0, 1.0, 0.0, 0.0, 0.0, 0.0, 0.0, 0.0, 0.0, 0.0, 0.0, 0.0, 0.0, 0.0, 0.0, 0.0, 1.0, 1.0, 0.0, 0.0, 0.0, 0.0, 0.0, 1.0, 0.0, 0.0, 0.0, 0.0, 0.0, 0.0, 0.0, 0.0, 1.0, 0.0, 0.0, 0.0, 1.0, 1.0, 0.0, 0.0, 0.0, 0.0, 0.0, 0.0, 0.0, 1.0, 0.0, 0.0, 0.0, 1.0, 1.0, 1.0, 0.0, 0.0, 0.0, 0.0, 0.0, 0.0, 1.0, 0.0, 0.0, 1.0, 1.0, 0.0, 0.0, 0.0, 0.0, 0.0, 1.0, 0.0, 0.0, 0.0, 0.0, 0.0, 0.0, 0.0, 1.0, 1.0, 0.0, 1.0, 0.0, 0.0, 0.0, 0.0, 0.0, 0.0, 0.0, 0.0, 0.0, 0.0, 0.0, 0.0, 0.0, 0.0, 0.0, 0.0, 1.0, 0.0, 0.0, 0.0, 1.0, 0.0]"
200,"[3957, 3612, 7047, 7249, 4759, 8718, 5263, 2902, 3567, 9075, 3994, 6229, 3010, 8377, 1830, 1048, 5210, 2178, 6768, 8878, 1070, 8686, 8879, 6455, 9258, 6612, 6769, 2777, 8380, 3228, 9804, 9888, 7746, 7391, 3406, 9440, 1637, 9090, 1949, 4587, 2111, 9367, 1722, 4842, 4674, 5866, 1702, 3128, 5233, 3517, 2149, 2878, 1309, 4952, 8728, 4049, 6766, 7412, 5865, 1015, 1605, 5908, 9006, 7412, 9605, 5120, 9507, 5666, 5820, 8835, 2849, 2953, 9580, 3769, 4046, 8594, 7840, 6066, 3415, 3389, 6924, 9495, 1763, 8541, 1815, 7255, 1877, 8173, 8073, 5798, 7989, 6039, 7324, 3823, 6287, 4285, 8433, 7174, 5826, 4664, 1497, 8641, 5643, 6056, 1131, 6443, 1857, 9712, 9221, 7147, 5604, 2558, 1015, 4605, 2607, 6935, 3016, 4574, 8274, 4791, 7406, 2088, 2361, 5473, 6294, 8106, 8319, 9667, 9520, 2186, 4414, 6486, 4536, 2773, 6415, 3558, 6907, 6079, 7724, 6420, 4291, 4524, 4504, 9998, 6989, 3666, 9596, 8140, 9785, 7895, 5107, 4280, 3212, 9078, 8601, 1613, 1868, 1811, 5862, 5177, 2744, 3256, 8612, 9713, 8196, 6423, 6089, 7608, 2469, 3675, 2513, 5876, 2451, 5654, 4007, 4124, 2753, 2612, 4275, 9747, 3049, 1824, 4030, 2081, 6299, 1492, 5764, 8202, 9266, 4360, 9562, 5682, 1328, 9968, 5674, 5316, 6803, 4325, 9379, 2214]","[24940, 45406, 92221, 44481, 16977, 45839, 58874, 59414, 26538, 57241, 74501, 76133, 61481, 28740, 64328, 73105, 51643, 12881, 37996, 33177, 38177, 67126, 57531, 27119, 28915, 3708, 39749, 45989, 23106, 18131, 47553, 59144, 7553, 18881, 2379, 91791, 70306, 20726, 10088, 35314, 56041, 17350, 82397, 80509, 18769, 48249, 83862, 47365, 51185, 3786, 2620, 37303, 20589, 3882, 63248, 50322, 25524, 10745, 16861, 92707, 92735, 55261, 3837, 75135, 82447, 55380, 87089, 50831, 90349, 39255, 30520, 30541, 66772, 28350, 45397, 78085, 64865, 56956, 28453, 63345, 13906, 15988, 28723, 34800, 40107, 28430, 33535, 69476, 88329, 78798, 53284, 57232, 45420, 38710, 73497, 93035, 41498, 32283, 67169, 73358, 63457, 26968, 63508, 64220, 86366, 6738, 4098, 96424, 74633, 79672, 39244, 9253, 55333, 51969, 91744, 71423, 45411, 76028, 36421, 2454, 18522, 39575, 4192, 56268, 82311, 11402, 79610, 81781, 37527, 53181, 92472, 28002, 82219, 13460, 31482, 17447, 49228, 84265, 51126, 21545, 56114, 94740, 76350, 58801, 14890, 53482, 64397, 2740, 31121, 12218, 72591, 89241, 35722, 50431, 52543, 43000, 72975, 31921, 89747, 31614, 62189, 18601, 94332, 72543, 21514, 84312, 68612, 91886, 17292, 32510, 29000, 31383, 12785, 41910, 40028, 25855, 25281, 5841, 98204, 61155, 27918, 57313, 18443, 33250, 2922, 32976, 12991, 54744, 23733, 3473, 9108, 29715, 33210, 38317, 66516, 34362, 55604, 5889, 90557, 74748]",100000,2620666.0,"[0.0, 0.0, 0.0, 0.0, 0.0, 0.0, 0.0, 1.0, 0.0, 0.0, 1.0, 0.0, 1.0, 0.0, 1.0, 1.0, 0.0, 0.0, 0.0, 0.0, 1.0, 0.0, 0.0, 0.0, 0.0, 0.0, 0.0, 0.0, 0.0, 0.0, 0.0, 0.0, 0.0, 0.0, 0.0, 0.0, 1.0, 0.0, 0.0, 0.0, 1.0, 0.0, 1.0, 1.0, 0.0, 0.0, 1.0, 0.0, 0.0, 0.0, 0.0, 0.0, 1.0, 0.0, 0.0, 0.0, 0.0, 0.0, 0.0, 1.0, 1.0, 0.0, 0.0, 0.0, 0.0, 0.0, 0.0, 0.0, 0.0, 0.0, 0.0, 0.0, 0.0, 0.0, 0.0, 0.0, 0.0, 0.0, 0.0, 1.0, 0.0, 0.0, 0.0, 0.0, 1.0, 0.0, 1.0, 0.0, 0.0, 0.0, 0.0, 0.0, 0.0, 0.0, 0.0, 1.0, 0.0, 0.0, 0.0, 0.0, 1.0, 0.0, 0.0, 0.0, 1.0, 0.0, 0.0, 0.0, 0.0, 0.0, 0.0, 0.0, 1.0, 0.0, 1.0, 0.0, 0.0, 1.0, 0.0, 0.0, 0.0, 1.0, 0.0, 0.0, 0.0, 0.0, 0.0, 0.0, 0.0, 1.0, 1.0, 0.0, 1.0, 0.0, 0.0, 0.0, 0.0, 0.0, 0.0, 0.0, 0.0, 1.0, 1.0, 0.0, 0.0, 0.0, 0.0, 0.0, 0.0, 0.0, 0.0, 1.0, 0.0, 0.0, 0.0, 1.0, 1.0, 1.0, 0.0, 0.0, 1.0, 0.0, 0.0, 0.0, 0.0, 0.0, 0.0, 0.0, 0.0, 0.0, 0.0, 0.0, 0.0, 0.0, 0.0, 0.0, 0.0, 0.0, 1.0, 0.0, 0.0, 1.0, 0.0, 1.0, 0.0, 1.0, 0.0, 0.0, 0.0, 0.0, 0.0, 0.0, 1.0, 0.0, 0.0, 0.0, 0.0, 0.0, 0.0, 1.0]"
200,"[2399, 4201, 8854, 7763, 8962, 6190, 6681, 4678, 1336, 2667, 1909, 9467, 9204, 6122, 9153, 1973, 5270, 2408, 3288, 9738, 2218, 2420, 4377, 8501, 5098, 3738, 8619, 2842, 9938, 3816, 1494, 7560, 6510, 4444, 8543, 8562, 4994, 8253, 1045, 3057, 1663, 5668, 3029, 6717, 3696, 9831, 3663, 3745, 6004, 7321, 6125, 5948, 5402, 4427, 6912, 1394, 4597, 1329, 1772, 9135, 2645, 2787, 1999, 2848, 2561, 1773, 8311, 6179, 2803, 3050, 1747, 9125, 6860, 4973, 2615, 4754, 6506, 5221, 6291, 6854, 1216, 2359, 4774, 6417, 5927, 5429, 5606, 5478, 2896, 8366, 5427, 6361, 1641, 6346, 5729, 4627, 7594, 9387, 4275, 5050, 5553, 5925, 3304, 4343, 3056, 3808, 8092, 8226, 1886, 9584, 8720, 3446, 4905, 7474, 4591, 3181, 6011, 6030, 1354, 3631, 2521, 3672, 3337, 7968, 1628, 8162, 3679, 6266, 5422, 8463, 2126, 2780, 7571, 9584, 1825, 8276, 3395, 5145, 8059, 6492, 8111, 7792, 4551, 8711, 4628, 2565, 4667, 7459, 5096, 2019, 8928, 9254, 6965, 3269, 9835, 5721, 9408, 1195, 4273, 6110, 8401, 4212, 3755, 2521, 6674, 2080, 6623, 1721, 2562, 1639, 5260, 6190, 4736, 8746, 1089, 2251, 5703, 1348, 5052, 3941, 9437, 1271, 3030, 8836, 8041, 6175, 2126, 5379, 9708, 9052, 1611, 1749, 2856, 9591, 2526, 7229, 9511, 9527, 3098, 8865]","[83093, 13211, 59985, 34268, 4646, 56371, 43816, 90460, 45112, 52048, 55911, 76446, 2778, 46752, 85977, 71726, 81840, 28289, 45788, 5747, 75822, 1045, 96278, 8758, 24437, 20585, 99759, 10854, 53076, 57950, 18349, 97228, 22348, 35296, 20455, 79824, 55021, 72923, 40293, 89552, 47116, 41484, 31215, 82638, 4404, 38260, 66642, 81731, 47009, 93689, 30605, 54205, 38569, 6580, 6400, 40643, 97185, 97032, 87173, 40015, 72713, 73805, 15974, 15037, 85292, 17167, 89754, 91703, 44148, 73153, 22534, 91995, 87078, 57879, 66839, 30756, 13683, 50485, 99231, 12025, 87426, 19715, 71097, 99383, 93943, 88116, 76705, 18116, 37744, 88579, 3124, 39051, 8176, 92310, 65818, 19676, 46177, 91296, 1997, 60330, 44769, 79653, 12231, 96287, 73976, 86447, 56965, 82144, 96201, 62517, 93693, 95315, 96504, 28387, 5090, 25945, 41239, 4743, 31924, 11196, 92815, 69860, 42400, 86177, 94018, 99530, 81399, 49795, 52553, 25111, 64083, 62600, 51022, 4199, 51897, 39038, 56038, 8897, 65541, 15892, 9271, 25815, 46612, 34357, 76088, 17267, 19268, 15263, 71935, 96347, 60660, 66527, 64379, 95542, 42271, 67612, 8235, 89757, 17417, 99075, 35609, 34902, 24645, 63873, 88218, 65558, 63233, 24401, 8771, 42335, 75451, 80434, 68449, 93604, 2942, 21388, 84251, 58042, 54740, 66873, 48024, 24450, 57965, 11057, 94249, 9983, 20995, 92628, 78681, 39886, 90025, 97572, 96149, 95020, 3673, 35890, 78513, 24466, 93545, 51406]",100000,3202203.0,"[1.0, 0.0, 0.0, 0.0, 0.0, 0.0, 0.0, 0.0, 1.0, 0.0, 1.0, 0.0, 0.0, 0.0, 0.0, 1.0, 0.0, 0.0, 0.0, 0.0, 1.0, 0.0, 1.0, 0.0, 0.0, 0.0, 0.0, 0.0, 0.0, 0.0, 0.0, 0.0, 0.0, 0.0, 0.0, 0.0, 0.0, 0.0, 1.0, 1.0, 1.0, 0.0, 0.0, 0.0, 0.0, 0.0, 0.0, 1.0, 0.0, 0.0, 0.0, 0.0, 0.0, 0.0, 0.0, 1.0, 1.0, 1.0, 1.0, 0.0, 1.0, 1.0, 0.0, 0.0, 1.0, 0.0, 0.0, 0.0, 0.0, 1.0, 0.0, 0.0, 0.0, 0.0, 1.0, 0.0, 0.0, 0.0, 0.0, 0.0, 1.0, 0.0, 0.0, 0.0, 0.0, 0.0, 0.0, 0.0, 0.0, 0.0, 0.0, 0.0, 0.0, 0.0, 0.0, 0.0, 0.0, 0.0, 0.0, 0.0, 0.0, 0.0, 0.0, 1.0, 1.0, 1.0, 0.0, 0.0, 1.0, 0.0, 0.0, 1.0, 0.0, 0.0, 0.0, 0.0, 0.0, 0.0, 1.0, 0.0, 1.0, 0.0, 0.0, 0.0, 1.0, 0.0, 0.0, 0.0, 0.0, 0.0, 1.0, 1.0, 0.0, 0.0, 1.0, 0.0, 0.0, 0.0, 0.0, 0.0, 0.0, 0.0, 0.0, 0.0, 0.0, 0.0, 0.0, 0.0, 0.0, 1.0, 0.0, 0.0, 0.0, 1.0, 0.0, 0.0, 0.0, 1.0, 0.0, 0.0, 0.0, 0.0, 0.0, 1.0, 0.0, 1.0, 0.0, 0.0, 0.0, 1.0, 0.0, 0.0, 0.0, 0.0, 0.0, 0.0, 0.0, 1.0, 0.0, 0.0, 0.0, 0.0, 0.0, 0.0, 0.0, 0.0, 0.0, 0.0, 0.0, 0.0, 1.0, 1.0, 1.0, 0.0, 0.0, 0.0, 0.0, 0.0, 1.0, 0.0]"
200,"[4688, 4748, 7342, 5130, 5257, 4029, 3846, 9662, 5035, 3899, 5443, 5789, 1912, 5242, 8541, 2711, 9866, 2439, 6613, 4630, 6375, 8103, 9877, 5216, 3466, 8824, 5124, 1965, 7928, 7096, 7157, 9120, 2508, 1871, 1863, 4055, 6133, 3682, 6278, 6448, 1613, 2872, 8723, 8189, 6386, 7942, 9759, 1244, 1020, 9585, 6767, 4515, 2910, 9481, 6882, 9552, 9076, 2622, 5314, 3453, 3015, 3800, 9772, 7752, 8453, 3853, 3236, 5176, 3155, 6698, 7829, 9537, 2886, 7471, 9746, 4770, 9391, 3940, 4490, 8899, 1306, 4075, 2656, 8244, 7611, 7322, 3692, 2764, 1275, 6271, 8331, 6025, 5050, 9080, 4460, 4835, 5278, 2844, 1071, 8386, 7862, 8340, 8635, 2043, 4042, 1814, 6622, 8332, 1309, 7661, 5227, 2877, 3486, 7886, 5835, 1794, 7786, 5014, 8392, 6353, 4407, 1974, 5237, 8248, 5369, 9050, 1464, 6327, 6415, 9115, 1287, 4195, 2992, 8450, 3925, 2120, 6310, 1446, 7627, 3896, 1721, 3163, 4980, 5502, 2725, 9885, 4413, 1494, 1947, 1022, 2128, 1557, 4730, 6341, 7998, 8182, 8034, 2656, 5173, 6441, 9998, 4312, 9645, 3324, 6595, 6984, 3511, 1362, 4454, 3798, 5620, 4255, 2217, 2485, 6349, 8195, 8750, 7079, 9035, 2507, 2003, 7403, 1925, 9275, 7583, 4927, 1985, 5231, 6302, 6291, 1908, 6051, 3586, 2331, 7851, 2806, 1805, 5147, 1071, 1027]","[9660, 91875, 40823, 56842, 10616, 76976, 49738, 14107, 62404, 95182, 92787, 16954, 17943, 41725, 46434, 86751, 11110, 88091, 17462, 80232, 55081, 53799, 67567, 90301, 52224, 57063, 56240, 82352, 18868, 76973, 81989, 23222, 80794, 64924, 79513, 55649, 84749, 11223, 49166, 40369, 87379, 70392, 60526, 13661, 16591, 72718, 56235, 8970, 48922, 31755, 20416, 14672, 84468, 47996, 75095, 1064, 69835, 71385, 6639, 12055, 60220, 88594, 30427, 83516, 65666, 65274, 11866, 4889, 49226, 32335, 51547, 27162, 90449, 25687, 99756, 11995, 57488, 3631, 35954, 6967, 89294, 88278, 65471, 38116, 93116, 35227, 2942, 48664, 29069, 88342, 15407, 60201, 81093, 55348, 82981, 18878, 84100, 79629, 56420, 92987, 44168, 55862, 90622, 83025, 29004, 21471, 92820, 61167, 84828, 66308, 84969, 15568, 10466, 92057, 58324, 16467, 98555, 76955, 53948, 17676, 95791, 32514, 23650, 89290, 78701, 11683, 99092, 60819, 81978, 5860, 4729, 32351, 63744, 25346, 75155, 77700, 7955, 66642, 71290, 45293, 62336, 22662, 7408, 41403, 2225, 13196, 70786, 16372, 18279, 96729, 55240, 93404, 39187, 49481, 29475, 45552, 68969, 77534, 97669, 7858, 75486, 75474, 26168, 33099, 72180, 62455, 55240, 75796, 55592, 48458, 59046, 17488, 59841, 1395, 53669, 11845, 37059, 19394, 94993, 46906, 60332, 38305, 43628, 22352, 87682, 83971, 52993, 40386, 57624, 58065, 86504, 9539, 2263, 14305, 54817, 25398, 98616, 76801, 50107, 33152]",100000,3264568.0,"[0.0, 0.0, 0.0, 0.0, 0.0, 1.0, 0.0, 0.0, 0.0, 1.0, 0.0, 0.0, 0.0, 0.0, 0.0, 1.0, 0.0, 1.0, 0.0, 0.0, 0.0, 0.0, 0.0, 0.0, 0.0, 0.0, 0.0, 1.0, 0.0, 0.0, 0.0, 0.0, 1.0, 1.0, 1.0, 0.0, 0.0, 0.0, 0.0, 0.0, 1.0, 1.0, 0.0, 0.0, 0.0, 0.0, 0.0, 0.0, 1.0, 0.0, 0.0, 0.0, 1.0, 0.0, 0.0, 0.0, 0.0, 1.0, 0.0, 0.0, 1.0, 1.0, 0.0, 0.0, 0.0, 0.0, 0.0, 0.0, 0.0, 0.0, 0.0, 0.0, 1.0, 0.0, 0.0, 0.0, 0.0, 0.0, 0.0, 0.0, 1.0, 1.0, 1.0, 0.0, 0.0, 0.0, 0.0, 0.0, 1.0, 0.0, 0.0, 0.0, 0.0, 0.0, 1.0, 0.0, 0.0, 1.0, 1.0, 0.0, 0.0, 0.0, 0.0, 1.0, 0.0, 0.0, 0.0, 0.0, 1.0, 0.0, 0.0, 0.0, 0.0, 0.0, 0.0, 0.0, 0.0, 0.0, 0.0, 0.0, 1.0, 0.0, 0.0, 0.0, 0.0, 0.0, 1.0, 0.0, 0.0, 0.0, 0.0, 0.0, 1.0, 0.0, 0.0, 1.0, 0.0, 1.0, 0.0, 0.0, 1.0, 0.0, 0.0, 0.0, 0.0, 0.0, 0.0, 0.0, 0.0, 1.0, 1.0, 1.0, 0.0, 0.0, 0.0, 0.0, 0.0, 1.0, 0.0, 0.0, 0.0, 0.0, 0.0, 0.0, 0.0, 0.0, 0.0, 1.0, 0.0, 0.0, 0.0, 0.0, 1.0, 0.0, 0.0, 0.0, 0.0, 0.0, 0.0, 0.0, 1.0, 0.0, 1.0, 0.0, 0.0, 0.0, 1.0, 0.0, 0.0, 0.0, 1.0, 0.0, 0.0, 0.0, 0.0, 0.0, 1.0, 0.0, 1.0, 1.0]"
